question_id,question,answer_preview,cluster,rank,chunk_id,policy_name,page,section,match_score,chunk_preview,relevant
q001,What happens if I submit my coursework up to 24 hours late without extenuating circumstances?,The mark for the assessment will be capped at the minimum pass mark at 50%,Late Submission,1,0c32729f,Academic Regulations and Policies Handbook 2025 26 English Nov25,80.0,Late Submission of Coursework ,17,Academic Regulations and Policies Handbook 2025 26 English Nov25 Section 7 Late Submission of Coursework    7.1 Students,1
q001,What happens if I submit my coursework up to 24 hours late without extenuating circumstances?,The mark for the assessment will be capped at the minimum pass mark at 50%,Late Submission,2,a8941c73,COMSC School Handbook 25 26,12.0,Marking ,17,"COMSC School Handbook 25 26 Section 4.8 Marking  Most assessment tasks require academic and/or professional judgement, w",1
q001,What happens if I submit my coursework up to 24 hours late without extenuating circumstances?,The mark for the assessment will be capped at the minimum pass mark at 50%,Late Submission,3,0d7a43ea,Extenuating Circumstances Procedure for Taught and Undergraduate Students,16.0,,17,Exam or TimeLimited  Assessment  An assessment completed in controlled conditions that lasts up to 48  hours. Group work,0
q001,What happens if I submit my coursework up to 24 hours late without extenuating circumstances?,The mark for the assessment will be capped at the minimum pass mark at 50%,Late Submission,4,9b6682b4,Extenuating Circumstances Procedure for Taught and Undergraduate Students,13.0,Glossary of Terms ,16,Extenuating Circumstances Procedure for Taught and Undergraduate Students Section 8 Glossary of Terms  Term  Definition ,0
q001,What happens if I submit my coursework up to 24 hours late without extenuating circumstances?,The mark for the assessment will be capped at the minimum pass mark at 50%,Late Submission,5,f4f24ac2,Academic Regulations and Policies Handbook 2025 26 English Nov25,37.0,Compulsory fail - is where a module has been marked as failed even ,12,Academic Regulations and Policies Handbook 2025 26 English Nov25 Section 2.8 Compulsory fail - is where a module has bee,0
q002,What mark will I receive if I submit coursework more than 24 hours after the deadline without extenu,A mark of 0 will be given for the assessment.,Late Submission,1,a8941c73,COMSC School Handbook 25 26,12.0,Marking ,12,"COMSC School Handbook 25 26 Section 4.8 Marking  Most assessment tasks require academic and/or professional judgement, w",1
q002,What mark will I receive if I submit coursework more than 24 hours after the deadline without extenu,A mark of 0 will be given for the assessment.,Late Submission,2,0d7a43ea,Extenuating Circumstances Procedure for Taught and Undergraduate Students,16.0,,12,Exam or TimeLimited  Assessment  An assessment completed in controlled conditions that lasts up to 48  hours. Group work,1
q002,What mark will I receive if I submit coursework more than 24 hours after the deadline without extenu,A mark of 0 will be given for the assessment.,Late Submission,3,11955df7,Extenuating Circumstances Procedure for Taught and Undergraduate Students,10.0,,10,Cardiff University Extenuating Circumstances Procedure v2 09/25  The Extenuating Circumstances Group will meet regularly,0
q002,What mark will I receive if I submit coursework more than 24 hours after the deadline without extenu,A mark of 0 will be given for the assessment.,Late Submission,4,0c32729f,Academic Regulations and Policies Handbook 2025 26 English Nov25,80.0,Late Submission of Coursework ,9,Academic Regulations and Policies Handbook 2025 26 English Nov25 Section 7 Late Submission of Coursework    7.1 Students,0
q002,What mark will I receive if I submit coursework more than 24 hours after the deadline without extenu,A mark of 0 will be given for the assessment.,Late Submission,5,0e3def0a,Academic Regulations and Policies Handbook 2025 26 English Nov25,80.0,If the assessment is submitted more than 24 hours after the ,9,Academic Regulations and Policies Handbook 2025 26 English Nov25 Section 7.2 If the assessment is submitted more than 24,0
q003,Is the late submission penalty different for undergraduate and postgraduate taught students?,"No, the same late submission policy applies to all taught programmes. Coursework",Late Submission,1,0d7a43ea,Extenuating Circumstances Procedure for Taught and Undergraduate Students,16.0,,32,Exam or TimeLimited  Assessment  An assessment completed in controlled conditions that lasts up to 48  hours. Group work,1
q003,Is the late submission penalty different for undergraduate and postgraduate taught students?,"No, the same late submission policy applies to all taught programmes. Coursework",Late Submission,2,0c32729f,Academic Regulations and Policies Handbook 2025 26 English Nov25,80.0,Late Submission of Coursework ,29,Academic Regulations and Policies Handbook 2025 26 English Nov25 Section 7 Late Submission of Coursework    7.1 Students,1
q003,Is the late submission penalty different for undergraduate and postgraduate taught students?,"No, the same late submission policy applies to all taught programmes. Coursework",Late Submission,3,a8941c73,COMSC School Handbook 25 26,12.0,Marking ,28,"COMSC School Handbook 25 26 Section 4.8 Marking  Most assessment tasks require academic and/or professional judgement, w",0
q003,Is the late submission penalty different for undergraduate and postgraduate taught students?,"No, the same late submission policy applies to all taught programmes. Coursework",Late Submission,4,9b6682b4,Extenuating Circumstances Procedure for Taught and Undergraduate Students,13.0,Glossary of Terms ,24,Extenuating Circumstances Procedure for Taught and Undergraduate Students Section 8 Glossary of Terms  Term  Definition ,0
q003,Is the late submission penalty different for undergraduate and postgraduate taught students?,"No, the same late submission policy applies to all taught programmes. Coursework",Late Submission,5,723df08c,Academic Regulations and Policies Handbook 2025 26 English Nov25,9.0,,19,- Strategic Approach to the Enhancement of Assessment and Feedback -  2023-2027  - Education Partnership Policy  - Educa,0
q004,What is the minimum pass mark for undergraduate modules at Cardiff University?,The pass mark is 40% for undergraduate modules.,Late Submission,1,7690cd99,Academic Regulations and Policies Handbook 2025 26 English Nov25,85.0,The quorum for Examining Boards will be when the Chair is satisfied that an ,16,Academic Regulations and Policies Handbook 2025 26 English Nov25 Section 11.7 The quorum for Examining Boards will be wh,1
q004,What is the minimum pass mark for undergraduate modules at Cardiff University?,The pass mark is 40% for undergraduate modules.,Late Submission,2,0d58990f,COMSC School Handbook 25 26,32.0,Component and Module Marks ,16,COMSC School Handbook 25 26 Section 14.5.2 Component and Module Marks  You will receive marks for each individual assess,1
q004,What is the minimum pass mark for undergraduate modules at Cardiff University?,The pass mark is 40% for undergraduate modules.,Late Submission,3,128aba41,Academic Regulations and Policies Handbook 2025 26 English Nov25,36.0,"Within each stage of a programme, a diet of approved modules must be ",13,"Academic Regulations and Policies Handbook 2025 26 English Nov25 Section 2.4 Within each stage of a programme, a diet of",0
q004,What is the minimum pass mark for undergraduate modules at Cardiff University?,The pass mark is 40% for undergraduate modules.,Late Submission,4,f48dc6f3,Academic Regulations and Policies Handbook 2025 26 English Nov25,36.0,The mark for an individual module will be calculated according to the ,13,Academic Regulations and Policies Handbook 2025 26 English Nov25 Section 2.5 The mark for an individual module will be c,0
q004,What is the minimum pass mark for undergraduate modules at Cardiff University?,The pass mark is 40% for undergraduate modules.,Late Submission,5,9b6682b4,Extenuating Circumstances Procedure for Taught and Undergraduate Students,13.0,Glossary of Terms ,13,Extenuating Circumstances Procedure for Taught and Undergraduate Students Section 8 Glossary of Terms  Term  Definition ,0
q005,What is the minimum pass mark for postgraduate modules at Cardiff University?,The pass mark is 50% for postgraduate modules.,Late Submission,1,0d58990f,COMSC School Handbook 25 26,32.0,Component and Module Marks ,16,COMSC School Handbook 25 26 Section 14.5.2 Component and Module Marks  You will receive marks for each individual assess,1
q005,What is the minimum pass mark for postgraduate modules at Cardiff University?,The pass mark is 50% for postgraduate modules.,Late Submission,2,128aba41,Academic Regulations and Policies Handbook 2025 26 English Nov25,36.0,"Within each stage of a programme, a diet of approved modules must be ",13,"Academic Regulations and Policies Handbook 2025 26 English Nov25 Section 2.4 Within each stage of a programme, a diet of",1
q005,What is the minimum pass mark for postgraduate modules at Cardiff University?,The pass mark is 50% for postgraduate modules.,Late Submission,3,f48dc6f3,Academic Regulations and Policies Handbook 2025 26 English Nov25,36.0,The mark for an individual module will be calculated according to the ,13,Academic Regulations and Policies Handbook 2025 26 English Nov25 Section 2.5 The mark for an individual module will be c,0
q005,What is the minimum pass mark for postgraduate modules at Cardiff University?,The pass mark is 50% for postgraduate modules.,Late Submission,4,9b6682b4,Extenuating Circumstances Procedure for Taught and Undergraduate Students,13.0,Glossary of Terms ,13,Extenuating Circumstances Procedure for Taught and Undergraduate Students Section 8 Glossary of Terms  Term  Definition ,0
q005,What is the minimum pass mark for postgraduate modules at Cardiff University?,The pass mark is 50% for postgraduate modules.,Late Submission,5,ab8a1301,Academic Regulations and Policies Handbook 2025 26 English Nov25,51.0,,12,"- Students who achieve a final mark of 48% or 49% will be awarded a  degree classification of Second Class Honours, Divi",0
q006,"If I submit my coursework 20 hours late as a postgraduate student with no extenuating circumstances,",Since the submission is within 24 hours of the deadline and the pass mark for po,Late Submission,1,0c32729f,Academic Regulations and Policies Handbook 2025 26 English Nov25,80.0,Late Submission of Coursework ,24,Academic Regulations and Policies Handbook 2025 26 English Nov25 Section 7 Late Submission of Coursework    7.1 Students,1
q006,"If I submit my coursework 20 hours late as a postgraduate student with no extenuating circumstances,",Since the submission is within 24 hours of the deadline and the pass mark for po,Late Submission,2,a8941c73,COMSC School Handbook 25 26,12.0,Marking ,21,"COMSC School Handbook 25 26 Section 4.8 Marking  Most assessment tasks require academic and/or professional judgement, w",1
q006,"If I submit my coursework 20 hours late as a postgraduate student with no extenuating circumstances,",Since the submission is within 24 hours of the deadline and the pass mark for po,Late Submission,3,0d7a43ea,Extenuating Circumstances Procedure for Taught and Undergraduate Students,16.0,,21,Exam or TimeLimited  Assessment  An assessment completed in controlled conditions that lasts up to 48  hours. Group work,0
q006,"If I submit my coursework 20 hours late as a postgraduate student with no extenuating circumstances,",Since the submission is within 24 hours of the deadline and the pass mark for po,Late Submission,4,9b6682b4,Extenuating Circumstances Procedure for Taught and Undergraduate Students,13.0,Glossary of Terms ,20,Extenuating Circumstances Procedure for Taught and Undergraduate Students Section 8 Glossary of Terms  Term  Definition ,0
q006,"If I submit my coursework 20 hours late as a postgraduate student with no extenuating circumstances,",Since the submission is within 24 hours of the deadline and the pass mark for po,Late Submission,5,0d58990f,COMSC School Handbook 25 26,32.0,Component and Module Marks ,19,COMSC School Handbook 25 26 Section 14.5.2 Component and Module Marks  You will receive marks for each individual assess,0
q007,Can I avoid late submission penalties by declaring extenuating circumstances?,"Yes. If you have extenuating circumstances, you should submit a declaration befo",Late Submission,1,11955df7,Extenuating Circumstances Procedure for Taught and Undergraduate Students,10.0,,49,Cardiff University Extenuating Circumstances Procedure v2 09/25  The Extenuating Circumstances Group will meet regularly,1
q007,Can I avoid late submission penalties by declaring extenuating circumstances?,"Yes. If you have extenuating circumstances, you should submit a declaration befo",Late Submission,2,9fb42f4d,Extenuating Circumstances Procedure for Taught and Undergraduate Students,6.0,,40,Cardiff University Extenuating Circumstances Procedure v2 09/25  If assessments are not completed on time and without ex,1
q007,Can I avoid late submission penalties by declaring extenuating circumstances?,"Yes. If you have extenuating circumstances, you should submit a declaration befo",Late Submission,3,2546d450,Extenuating Circumstances Procedure for Taught and Undergraduate Students,10.0,,32,as though the  extension had been granted before the coursework deadline. If you subsequently complete the assessment an,0
q007,Can I avoid late submission penalties by declaring extenuating circumstances?,"Yes. If you have extenuating circumstances, you should submit a declaration befo",Late Submission,4,96a075d0,Extenuating Circumstances Procedure for Taught and Undergraduate Students,8.0,,30,Cardiff University Extenuating Circumstances Procedure v2 09/25  Situation   You are unable to  attend an  examination o,0
q007,Can I avoid late submission penalties by declaring extenuating circumstances?,"Yes. If you have extenuating circumstances, you should submit a declaration befo",Late Submission,5,074034dc,Extenuating Circumstances Procedure for Taught and Undergraduate Students,18.0,,29,Cardiff University Extenuating Circumstances Procedure v2 09/25  You are not able to  sit/submit an  upcoming  assessmen,0
q008,Where can I find information about the late submission policy for COMSC students?,Late submissions are treated in accordance with the University policy. Informati,Late Submission,1,79b89df1,COMSC School Handbook 25 26,31.0,Late Submission ,33,COMSC School Handbook 25 26 Section 14.3.2 Late Submission  Late submissions are treated in accordance with the Universi,1
q008,Where can I find information about the late submission policy for COMSC students?,Late submissions are treated in accordance with the University policy. Informati,Late Submission,2,ae25d542,COMSC School Handbook 25 26,21.0,Academic integrity ,25,COMSC School Handbook 25 26 Section 9.5 Academic integrity  It is essential that you understand what academic integrity ,1
q008,Where can I find information about the late submission policy for COMSC students?,Late submissions are treated in accordance with the University policy. Informati,Late Submission,3,c3ff01d6,COMSC School Handbook 25 26,9.0,University IT ,21,COMSC School Handbook 25 26 Section 3.8 University IT  All students using our IT facilities are bound by the university ,0
q008,Where can I find information about the late submission policy for COMSC students?,Late submissions are treated in accordance with the University policy. Informati,Late Submission,4,56bff567,COMSC School Handbook 25 26,11.0,Blended Learning ,21,COMSC School Handbook 25 26 Section 4.3 Blended Learning  We take a blended learning approach to our teaching that combi,0
q008,Where can I find information about the late submission policy for COMSC students?,Late submissions are treated in accordance with the University policy. Informati,Late Submission,5,63a5e713,COMSC School Handbook 25 26,28.0,Accessing additional IT support ,21,"COMSC School Handbook 25 26 Section 13.3 Accessing additional IT support  If you have an IT problem or query, please con",0
q009,Does failing an assessed component automatically mean I fail the whole module?,No. Failing a module's assessed component does not necessarily mean you fail the,Late Submission,1,0d58990f,COMSC School Handbook 25 26,32.0,Component and Module Marks ,36,COMSC School Handbook 25 26 Section 14.5.2 Component and Module Marks  You will receive marks for each individual assess,1
q009,Does failing an assessed component automatically mean I fail the whole module?,No. Failing a module's assessed component does not necessarily mean you fail the,Late Submission,2,f48dc6f3,Academic Regulations and Policies Handbook 2025 26 English Nov25,36.0,The mark for an individual module will be calculated according to the ,22,Academic Regulations and Policies Handbook 2025 26 English Nov25 Section 2.5 The mark for an individual module will be c,1
q009,Does failing an assessed component automatically mean I fail the whole module?,No. Failing a module's assessed component does not necessarily mean you fail the,Late Submission,3,7150213d,Academic Regulations and Policies Handbook 2025 26 English Nov25,44.0,"Where a student repeats module(s) as an internal student, the student will ",11,Academic Regulations and Policies Handbook 2025 26 English Nov25 Section 4.15 Where a student repeats module(s) as an in,0
q009,Does failing an assessed component automatically mean I fail the whole module?,No. Failing a module's assessed component does not necessarily mean you fail the,Late Submission,4,db4e94a5,Academic Regulations and Policies Handbook 2025 26 English Nov25,45.0,"Where a student repeats module(s) as an external student, the student will ",11,Academic Regulations and Policies Handbook 2025 26 English Nov25 Section 4.16 Where a student repeats module(s) as an ex,0
q009,Does failing an assessed component automatically mean I fail the whole module?,No. Failing a module's assessed component does not necessarily mean you fail the,Late Submission,5,cb8ceadd,Academic Regulations and Policies Handbook 2025 26 English Nov25,58.0,"Where a student repeats module(s) as an internal student, the student will ",11,Academic Regulations and Policies Handbook 2025 26 English Nov25 Section 5.14 Where a student repeats module(s) as an in,0
q010,How should I submit my coursework at COMSC?,Coursework should be submitted electronically via Learning Central as specified ,Late Submission,1,e92ec896,COMSC School Handbook 25 26,31.0,Coursework Submission ,27,COMSC School Handbook 25 26 Section 14.3.1 Coursework Submission  Coursework should be submitted electronically via Lear,1
q010,How should I submit my coursework at COMSC?,Coursework should be submitted electronically via Learning Central as specified ,Late Submission,2,5fcc43d5,COMSC School Handbook 25 26,11.0,The purpose of assessment ,12,COMSC School Handbook 25 26 Section 4.5 The purpose of assessment  Assessments allow you to demonstrate your understandi,1
q010,How should I submit my coursework at COMSC?,Coursework should be submitted electronically via Learning Central as specified ,Late Submission,3,7484c274,COMSC School Handbook 25 26,31.0,Coursework ,11,COMSC School Handbook 25 26 Section 14.3 Coursework  Most of your modules will include an element of assessed coursework,0
q010,How should I submit my coursework at COMSC?,Coursework should be submitted electronically via Learning Central as specified ,Late Submission,4,20baf690,COMSC School Handbook 25 26,34.0,Feedback on assessment ,11,COMSC School Handbook 25 26 Section 14.6 Feedback on assessment  doing so. A conversation with your personal tutor or ot,0
q010,How should I submit my coursework at COMSC?,Coursework should be submitted electronically via Learning Central as specified ,Late Submission,5,af3824f2,Academic Misconduct Procedure Taught,2.0,Action will be taken when there is a concern about any academic ,10,Academic Misconduct Procedure Taught Section 2.1 Action will be taken when there is a concern about any academic  miscon,0
q011,What should I do if I cannot submit coursework on Learning Central due to technical difficulties?,You should email your submission to the module leader and comsc-submissions@card,Late Submission,1,e92ec896,COMSC School Handbook 25 26,31.0,Coursework Submission ,46,COMSC School Handbook 25 26 Section 14.3.1 Coursework Submission  Coursework should be submitted electronically via Lear,1
q011,What should I do if I cannot submit coursework on Learning Central due to technical difficulties?,You should email your submission to the module leader and comsc-submissions@card,Late Submission,2,63a5e713,COMSC School Handbook 25 26,28.0,Accessing additional IT support ,13,"COMSC School Handbook 25 26 Section 13.3 Accessing additional IT support  If you have an IT problem or query, please con",1
q011,What should I do if I cannot submit coursework on Learning Central due to technical difficulties?,You should email your submission to the module leader and comsc-submissions@card,Late Submission,3,c31d9479,Academic Regulations and Policies Handbook 2025 26 English Nov25,17.0,The Head of School will establish a School Postgraduate Research ,12,Academic Regulations and Policies Handbook 2025 26 English Nov25 Section 5.2.2 The Head of School will establish a Schoo,0
q011,What should I do if I cannot submit coursework on Learning Central due to technical difficulties?,You should email your submission to the module leader and comsc-submissions@card,Late Submission,4,920dab06,COMSC School Handbook 25 26,10.0,Protect yourself and your data online ,12,COMSC School Handbook 25 26 Section 3.13 Protect yourself and your data online  Multi-Factor Authentication (MFA) helps ,0
q011,What should I do if I cannot submit coursework on Learning Central due to technical difficulties?,You should email your submission to the module leader and comsc-submissions@card,Late Submission,5,4196cfb4,Extenuating Circumstances Procedure for Taught and Undergraduate Students,16.0,,12,Cardiff University Extenuating Circumstances Procedure v2 09/25  If you are unable to present evidence with your circums,0
q012,What are the two ways I can fail a module's assessed component?,"You can fail by obtaining a mark below the pass mark (40% for undergraduate, 50%",Late Submission,1,0d58990f,COMSC School Handbook 25 26,32.0,Component and Module Marks ,32,COMSC School Handbook 25 26 Section 14.5.2 Component and Module Marks  You will receive marks for each individual assess,1
q012,What are the two ways I can fail a module's assessed component?,"You can fail by obtaining a mark below the pass mark (40% for undergraduate, 50%",Late Submission,2,b24d3c51,COMSC School Handbook 25 26,33.0,,15,The type of reassessment you will need to complete depends on the components you have  failed. You may be required to re,1
q012,What are the two ways I can fail a module's assessed component?,"You can fail by obtaining a mark below the pass mark (40% for undergraduate, 50%",Late Submission,3,0d7a43ea,Extenuating Circumstances Procedure for Taught and Undergraduate Students,16.0,,13,Exam or TimeLimited  Assessment  An assessment completed in controlled conditions that lasts up to 48  hours. Group work,0
q012,What are the two ways I can fail a module's assessed component?,"You can fail by obtaining a mark below the pass mark (40% for undergraduate, 50%",Late Submission,4,0c32729f,Academic Regulations and Policies Handbook 2025 26 English Nov25,80.0,Late Submission of Coursework ,12,Academic Regulations and Policies Handbook 2025 26 English Nov25 Section 7 Late Submission of Coursework    7.1 Students,0
q012,What are the two ways I can fail a module's assessed component?,"You can fail by obtaining a mark below the pass mark (40% for undergraduate, 50%",Late Submission,5,a8941c73,COMSC School Handbook 25 26,12.0,Marking ,12,"COMSC School Handbook 25 26 Section 4.8 Marking  Most assessment tasks require academic and/or professional judgement, w",0
q013,How long does the school aim to return assessment marks after the submission deadline?,The school aims to return all assessment marks within 20 working days of the sub,Late Submission,1,10d118b3,COMSC School Handbook 25 26,31.0,Marking ,26,COMSC School Handbook 25 26 Section 14.5 Marking  We aim to return all assessment marks within 20 working days of the su,1
q013,How long does the school aim to return assessment marks after the submission deadline?,The school aims to return all assessment marks within 20 working days of the sub,Late Submission,2,20baf690,COMSC School Handbook 25 26,34.0,Feedback on assessment ,21,COMSC School Handbook 25 26 Section 14.6 Feedback on assessment  doing so. A conversation with your personal tutor or ot,1
q013,How long does the school aim to return assessment marks after the submission deadline?,The school aims to return all assessment marks within 20 working days of the sub,Late Submission,3,02e33d75,Academic Regulations and Policies Handbook 2025 26 English Nov25,69.0,Part-time Professional Doctorates: in accordance with programme ,14,Academic Regulations and Policies Handbook 2025 26 English Nov25 Section 6.5.11 Part-time Professional Doctorates: in ac,0
q013,How long does the school aim to return assessment marks after the submission deadline?,The school aims to return all assessment marks within 20 working days of the sub,Late Submission,4,11955df7,Extenuating Circumstances Procedure for Taught and Undergraduate Students,10.0,,14,Cardiff University Extenuating Circumstances Procedure v2 09/25  The Extenuating Circumstances Group will meet regularly,0
q013,How long does the school aim to return assessment marks after the submission deadline?,The school aims to return all assessment marks within 20 working days of the sub,Late Submission,5,6c224c5e,Extenuating Circumstances Procedure for Taught and Undergraduate Students,7.0,,11,Cardiff University Extenuating Circumstances Procedure v2 09/25  Reporting extenuating circumstance before an assessment,0
q014,What happens if the 20 working day feedback deadline cannot be met?,"If the timeframe cannot be met, the school will inform students as soon as possi",Late Submission,1,10d118b3,COMSC School Handbook 25 26,31.0,Marking ,18,COMSC School Handbook 25 26 Section 14.5 Marking  We aim to return all assessment marks within 20 working days of the su,1
q014,What happens if the 20 working day feedback deadline cannot be met?,"If the timeframe cannot be met, the school will inform students as soon as possi",Late Submission,2,20baf690,COMSC School Handbook 25 26,34.0,Feedback on assessment ,12,COMSC School Handbook 25 26 Section 14.6 Feedback on assessment  doing so. A conversation with your personal tutor or ot,1
q014,What happens if the 20 working day feedback deadline cannot be met?,"If the timeframe cannot be met, the school will inform students as soon as possi",Late Submission,3,8047a863,COMSC School Handbook 25 26,14.0,"Feeling unwell, reporting an absence and having a trusted contact ",11,"COMSC School Handbook 25 26 Section 7.2 Feeling unwell, reporting an absence and having a trusted contact  Make sure you",0
q014,What happens if the 20 working day feedback deadline cannot be met?,"If the timeframe cannot be met, the school will inform students as soon as possi",Late Submission,4,5fcc43d5,COMSC School Handbook 25 26,11.0,The purpose of assessment ,10,COMSC School Handbook 25 26 Section 4.5 The purpose of assessment  Assessments allow you to demonstrate your understandi,0
q014,What happens if the 20 working day feedback deadline cannot be met?,"If the timeframe cannot be met, the school will inform students as soon as possi",Late Submission,5,f08971d1,COMSC School Handbook 25 26,40.0,Academic Regulations in my School ,10,COMSC School Handbook 25 26 Section 17 Academic Regulations in my School    17.1 Extenuating Circumstances  If you need ,0
q015,When are coursework submission dates made available to students?,Information on when coursework will be set and the associated submission dates w,Late Submission,1,7484c274,COMSC School Handbook 25 26,31.0,Coursework ,37,COMSC School Handbook 25 26 Section 14.3 Coursework  Most of your modules will include an element of assessed coursework,1
q015,When are coursework submission dates made available to students?,Information on when coursework will be set and the associated submission dates w,Late Submission,2,20baf690,COMSC School Handbook 25 26,34.0,Feedback on assessment ,21,COMSC School Handbook 25 26 Section 14.6 Feedback on assessment  doing so. A conversation with your personal tutor or ot,1
q015,When are coursework submission dates made available to students?,Information on when coursework will be set and the associated submission dates w,Late Submission,3,11955df7,Extenuating Circumstances Procedure for Taught and Undergraduate Students,10.0,,19,Cardiff University Extenuating Circumstances Procedure v2 09/25  The Extenuating Circumstances Group will meet regularly,0
q015,When are coursework submission dates made available to students?,Information on when coursework will be set and the associated submission dates w,Late Submission,4,e92ec896,COMSC School Handbook 25 26,31.0,Coursework Submission ,18,COMSC School Handbook 25 26 Section 14.3.1 Coursework Submission  Coursework should be submitted electronically via Lear,0
q015,When are coursework submission dates made available to students?,Information on when coursework will be set and the associated submission dates w,Late Submission,5,3e1c3864,Academic Regulations and Policies Handbook 2025 26 English Nov25,25.0,Start Dates and Deferred Entry ,15,Academic Regulations and Policies Handbook 2025 26 English Nov25 Section 5 Start Dates and Deferred Entry    5.1 The dat,0
q016,What is the Late Submission Policy for research degree theses?,Research students are expected to submit their thesis within the regulatory time,Late Submission,1,454fdea2,Late Submission Policy,2.0,"As a research student, you are expected to submit your thesis within the ",41,"Late Submission Policy Section 1 As a research student, you are expected to submit your thesis within the  regulatory ti",1
q016,What is the Late Submission Policy for research degree theses?,Research students are expected to submit their thesis within the regulatory time,Late Submission,2,1c0950e9,Late Submission Policy,2.0,Requests for submission of a thesis more than 12 months after the ,27,Late Submission Policy Section 10 Requests for submission of a thesis more than 12 months after the  submission/resubmis,1
q016,What is the Late Submission Policy for research degree theses?,Research students are expected to submit their thesis within the regulatory time,Late Submission,3,63e7f350,Late Submission Policy,2.0,Your Head of School may accept your thesis as a Late Submission no later ,24,Late Submission Policy Section 8 Your Head of School may accept your thesis as a Late Submission no later  than 12 month,0
q016,What is the Late Submission Policy for research degree theses?,Research students are expected to submit their thesis within the regulatory time,Late Submission,4,02e33d75,Academic Regulations and Policies Handbook 2025 26 English Nov25,69.0,Part-time Professional Doctorates: in accordance with programme ,23,Academic Regulations and Policies Handbook 2025 26 English Nov25 Section 6.5.11 Part-time Professional Doctorates: in ac,0
q016,What is the Late Submission Policy for research degree theses?,Research students are expected to submit their thesis within the regulatory time,Late Submission,5,866f1582,Late Submission Policy,2.0,"If you intend to make a Late Submission, you should request, via your School ",22,"Late Submission Policy Section 3 If you intend to make a Late Submission, you should request, via your School  Director ",0
q017,Can a research student submit their thesis more than 12 months after the deadline?,Requests for submission more than 12 months after the deadline will be considere,Late Submission,1,1c0950e9,Late Submission Policy,2.0,Requests for submission of a thesis more than 12 months after the ,37,Late Submission Policy Section 10 Requests for submission of a thesis more than 12 months after the  submission/resubmis,1
q017,Can a research student submit their thesis more than 12 months after the deadline?,Requests for submission more than 12 months after the deadline will be considere,Late Submission,2,11955df7,Extenuating Circumstances Procedure for Taught and Undergraduate Students,10.0,,20,Cardiff University Extenuating Circumstances Procedure v2 09/25  The Extenuating Circumstances Group will meet regularly,1
q017,Can a research student submit their thesis more than 12 months after the deadline?,Requests for submission more than 12 months after the deadline will be considere,Late Submission,3,723df08c,Academic Regulations and Policies Handbook 2025 26 English Nov25,9.0,,19,- Strategic Approach to the Enhancement of Assessment and Feedback -  2023-2027  - Education Partnership Policy  - Educa,0
q017,Can a research student submit their thesis more than 12 months after the deadline?,Requests for submission more than 12 months after the deadline will be considere,Late Submission,4,02e33d75,Academic Regulations and Policies Handbook 2025 26 English Nov25,69.0,Part-time Professional Doctorates: in accordance with programme ,19,Academic Regulations and Policies Handbook 2025 26 English Nov25 Section 6.5.11 Part-time Professional Doctorates: in ac,0
q017,Can a research student submit their thesis more than 12 months after the deadline?,Requests for submission more than 12 months after the deadline will be considere,Late Submission,5,454fdea2,Late Submission Policy,2.0,"As a research student, you are expected to submit your thesis within the ",19,"Late Submission Policy Section 1 As a research student, you are expected to submit your thesis within the  regulatory ti",0
q018,What factors are considered when deciding whether to accept a late thesis submission?,"The Head of School considers the viability of the thesis, the currency of the wo",Late Submission,1,b0a1f8ff,Late Submission Policy,2.0,The decision whether to accept your thesis as a Late Submission will be at ,45,Late Submission Policy Section 7 The decision whether to accept your thesis as a Late Submission will be at  the discret,1
q018,What factors are considered when deciding whether to accept a late thesis submission?,"The Head of School considers the viability of the thesis, the currency of the wo",Late Submission,2,63e7f350,Late Submission Policy,2.0,Your Head of School may accept your thesis as a Late Submission no later ,19,Late Submission Policy Section 8 Your Head of School may accept your thesis as a Late Submission no later  than 12 month,1
q018,What factors are considered when deciding whether to accept a late thesis submission?,"The Head of School considers the viability of the thesis, the currency of the wo",Late Submission,3,a3e041aa,Academic Regulations and Policies Handbook 2025 26 English Nov25,97.0,The Head of School will appoint an independent reviewer who is ,18,Academic Regulations and Policies Handbook 2025 26 English Nov25 Section 7.8 The Head of School will appoint an independ,0
q018,What factors are considered when deciding whether to accept a late thesis submission?,"The Head of School considers the viability of the thesis, the currency of the wo",Late Submission,4,005e13ac,Academic Regulations and Policies Handbook 2025 26 English Nov25,93.0,"Examining Boards, in recommending the candidate for the degree, shall ",16,"Academic Regulations and Policies Handbook 2025 26 English Nov25 Section 6.1 Examining Boards, in recommending the candi",0
q018,What factors are considered when deciding whether to accept a late thesis submission?,"The Head of School considers the viability of the thesis, the currency of the wo",Late Submission,5,167f2b32,Academic Regulations and Policies Handbook 2025 26 English Nov25,98.0,An Examining Board may recommend to the Awards and Progress ,16,Academic Regulations and Policies Handbook 2025 26 English Nov25 Section 8.1 An Examining Board may recommend to the Awa,0
q019,What access does a research student retain if their enrolled status is removed due to late submissio,"They will retain a University email account and log-in, and have access to the L",Late Submission,1,4284013a,Late Submission Policy,2.0,"Where your enrolled status is removed, you will not be entitled to renew your ",40,"Late Submission Policy Section 5 Where your enrolled status is removed, you will not be entitled to renew your  student ",1
q019,What access does a research student retain if their enrolled status is removed due to late submissio,"They will retain a University email account and log-in, and have access to the L",Late Submission,2,bb28ef8b,COMSC School Handbook 25 26,7.0,Student ID card ,13,COMSC School Handbook 25 26 Section 3.3 Student ID card  Collection of your student ID card is a mandatory step in the e,1
q019,What access does a research student retain if their enrolled status is removed due to late submissio,"They will retain a University email account and log-in, and have access to the L",Late Submission,3,f28a965f,Academic Regulations and Policies Handbook 2025 26 English Nov25,20.0,"In making any such changes, the University will aim to keep the changes to ",11,"Academic Regulations and Policies Handbook 2025 26 English Nov25 Section 2.3 In making any such changes, the University ",0
q019,What access does a research student retain if their enrolled status is removed due to late submissio,"They will retain a University email account and log-in, and have access to the L",Late Submission,4,2f06f5fb,Academic Regulations and Policies Handbook 2025 26 English Nov25,67.0,Doctoral students are permitted to submit their thesis no earlier than 6 ,10,Academic Regulations and Policies Handbook 2025 26 English Nov25 Section 4.2 Doctoral students are permitted to submit t,0
q019,What access does a research student retain if their enrolled status is removed due to late submissio,"They will retain a University email account and log-in, and have access to the L",Late Submission,5,e594a019,COMSC School Handbook 25 26,9.0,Library services ,10,COMSC School Handbook 25 26 Section 3.7 Library services  and with the range of policies and procedures that underpin th,0
q020,Is it a student's right to have a late thesis submission accepted?,No. The decision whether to accept a thesis as a Late Submission is at the discr,Late Submission,1,b0a1f8ff,Late Submission Policy,2.0,The decision whether to accept your thesis as a Late Submission will be at ,35,Late Submission Policy Section 7 The decision whether to accept your thesis as a Late Submission will be at  the discret,1
q020,Is it a student's right to have a late thesis submission accepted?,No. The decision whether to accept a thesis as a Late Submission is at the discr,Late Submission,2,63e7f350,Late Submission Policy,2.0,Your Head of School may accept your thesis as a Late Submission no later ,22,Late Submission Policy Section 8 Your Head of School may accept your thesis as a Late Submission no later  than 12 month,1
q020,Is it a student's right to have a late thesis submission accepted?,No. The decision whether to accept a thesis as a Late Submission is at the discr,Late Submission,3,a3e041aa,Academic Regulations and Policies Handbook 2025 26 English Nov25,97.0,The Head of School will appoint an independent reviewer who is ,18,Academic Regulations and Policies Handbook 2025 26 English Nov25 Section 7.8 The Head of School will appoint an independ,0
q020,Is it a student's right to have a late thesis submission accepted?,No. The decision whether to accept a thesis as a Late Submission is at the discr,Late Submission,4,11955df7,Extenuating Circumstances Procedure for Taught and Undergraduate Students,10.0,,14,Cardiff University Extenuating Circumstances Procedure v2 09/25  The Extenuating Circumstances Group will meet regularly,0
q020,Is it a student's right to have a late thesis submission accepted?,No. The decision whether to accept a thesis as a Late Submission is at the discr,Late Submission,5,ff07300d,Academic Regulations and Policies Handbook 2025 26 English Nov25,98.0,"Where the examiners have recommended that an aegrotat award be made, ",13,Academic Regulations and Policies Handbook 2025 26 English Nov25 Section 7.12 Where the examiners have recommended that ,0
q021,Are all marks final as soon as I receive them?,No. All marks are provisional until they have been confirmed by an Examining Boa,Late Submission,1,b79524fb,COMSC School Handbook 25 26,32.0,,40,In Year 1 of undergraduate programmes) are also checked and approved by external  examiners.  Where a coursework assessm,1
q021,Are all marks final as soon as I receive them?,No. All marks are provisional until they have been confirmed by an Examining Boa,Late Submission,2,cd08159b,COMSC School Handbook 25 26,32.0,Resits ,21,COMSC School Handbook 25 26 Section 14.5.3 Resits  If the Examining Board determines that you have failed no more than 6,1
q021,Are all marks final as soon as I receive them?,No. All marks are provisional until they have been confirmed by an Examining Boa,Late Submission,3,b133a986,Extenuating Circumstances Procedure for Taught and Undergraduate Students,15.0,,17,Cardiff University Extenuating Circumstances Procedure v2 09/25  Disability  You are disabled under the Equality Act 201,0
q021,Are all marks final as soon as I receive them?,No. All marks are provisional until they have been confirmed by an Examining Boa,Late Submission,4,c53b9048,Academic Regulations and Policies Handbook 2025 26 English Nov25,83.0,,14,".10  confirm whether or not a student shall be awarded the intended  award for the programme;  .11  confirm, where appro",0
q021,Are all marks final as soon as I receive them?,No. All marks are provisional until they have been confirmed by an Examining Boa,Late Submission,5,a8350d2b,Academic Regulations and Policies Handbook 2025 26 English Nov25,86.0,"In awarding credit, the module mark confirmed by the Examining Board will ",13,"Academic Regulations and Policies Handbook 2025 26 English Nov25 Section 11.9 In awarding credit, the module mark confir",0
q022,What happens during the resit period for COMSC students?,If the Examining Board determines you have failed no more than 60 credits in the,Late Submission,1,cd08159b,COMSC School Handbook 25 26,32.0,Resits ,63,COMSC School Handbook 25 26 Section 14.5.3 Resits  If the Examining Board determines that you have failed no more than 6,1
q022,What happens during the resit period for COMSC students?,If the Examining Board determines you have failed no more than 60 credits in the,Late Submission,2,c53b9048,Academic Regulations and Policies Handbook 2025 26 English Nov25,83.0,,24,".10  confirm whether or not a student shall be awarded the intended  award for the programme;  .11  confirm, where appro",1
q022,What happens during the resit period for COMSC students?,If the Examining Board determines you have failed no more than 60 credits in the,Late Submission,3,b79524fb,COMSC School Handbook 25 26,32.0,,24,In Year 1 of undergraduate programmes) are also checked and approved by external  examiners.  Where a coursework assessm,0
q022,What happens during the resit period for COMSC students?,If the Examining Board determines you have failed no more than 60 credits in the,Late Submission,4,45cd67a7,COMSC School Handbook 25 26,33.0,Progression ,24,COMSC School Handbook 25 26 Section 14.5.4 Progression  Note: this simplified guidance is to be read in conjunction with,0
q022,What happens during the resit period for COMSC students?,If the Examining Board determines you have failed no more than 60 credits in the,Late Submission,5,b24d3c51,COMSC School Handbook 25 26,33.0,,23,The type of reassessment you will need to complete depends on the components you have  failed. You may be required to re,0
q023,What happens if I fail more than 60 credits during the academic year?,You will not be eligible for resits in the August resit period. Depending on you,Late Submission,1,cd08159b,COMSC School Handbook 25 26,32.0,Resits ,42,COMSC School Handbook 25 26 Section 14.5.3 Resits  If the Examining Board determines that you have failed no more than 6,1
q023,What happens if I fail more than 60 credits during the academic year?,You will not be eligible for resits in the August resit period. Depending on you,Late Submission,2,b24d3c51,COMSC School Handbook 25 26,33.0,,27,The type of reassessment you will need to complete depends on the components you have  failed. You may be required to re,1
q023,What happens if I fail more than 60 credits during the academic year?,You will not be eligible for resits in the August resit period. Depending on you,Late Submission,3,45cd67a7,COMSC School Handbook 25 26,33.0,Progression ,13,COMSC School Handbook 25 26 Section 14.5.4 Progression  Note: this simplified guidance is to be read in conjunction with,0
q023,What happens if I fail more than 60 credits during the academic year?,You will not be eligible for resits in the August resit period. Depending on you,Late Submission,4,640aad57,Academic Regulations and Policies Handbook 2025 26 English Nov25,44.0,Resit rules for Undergraduate modular taught programmes: ,12,Academic Regulations and Policies Handbook 2025 26 English Nov25 Section 4.11 Resit rules for Undergraduate modular taug,0
q023,What happens if I fail more than 60 credits during the academic year?,You will not be eligible for resits in the August resit period. Depending on you,Late Submission,5,b1b4c199,Academic Regulations and Policies Handbook 2025 26 English Nov25,57.0,Resit rules for Postgraduate modular taught programmes: ,12,Academic Regulations and Policies Handbook 2025 26 English Nov25 Section 5.10 Resit rules for Postgraduate modular taugh,0
q024,How many attempts do I have to pass a module at undergraduate level?,"At undergraduate level, you have a maximum of three attempts to pass a module.",Late Submission,1,b24d3c51,COMSC School Handbook 25 26,33.0,,22,The type of reassessment you will need to complete depends on the components you have  failed. You may be required to re,1
q024,How many attempts do I have to pass a module at undergraduate level?,"At undergraduate level, you have a maximum of three attempts to pass a module.",Late Submission,2,7690cd99,Academic Regulations and Policies Handbook 2025 26 English Nov25,85.0,The quorum for Examining Boards will be when the Chair is satisfied that an ,15,Academic Regulations and Policies Handbook 2025 26 English Nov25 Section 11.7 The quorum for Examining Boards will be wh,1
q024,How many attempts do I have to pass a module at undergraduate level?,"At undergraduate level, you have a maximum of three attempts to pass a module.",Late Submission,3,9b6682b4,Extenuating Circumstances Procedure for Taught and Undergraduate Students,13.0,Glossary of Terms ,12,Extenuating Circumstances Procedure for Taught and Undergraduate Students Section 8 Glossary of Terms  Term  Definition ,0
q024,How many attempts do I have to pass a module at undergraduate level?,"At undergraduate level, you have a maximum of three attempts to pass a module.",Late Submission,4,96d236ff,Academic Regulations and Policies Handbook 2025 26 English Nov25,37.0,Subject to being able to continue on a programme: ,11,Academic Regulations and Policies Handbook 2025 26 English Nov25 Section 2.10 Subject to being able to continue on a pro,0
q024,How many attempts do I have to pass a module at undergraduate level?,"At undergraduate level, you have a maximum of three attempts to pass a module.",Late Submission,5,2f6c48c2,Academic Regulations and Policies Handbook 2025 26 English Nov25,24.0,,8,Undergraduate degree programmes  Candidates for undergraduate degree programmes are required either to  hold qualificati,0
q025,How many attempts do I have to pass a module at postgraduate level?,"At postgraduate level, you have two attempts at a module.",Late Submission,1,b24d3c51,COMSC School Handbook 25 26,33.0,,16,The type of reassessment you will need to complete depends on the components you have  failed. You may be required to re,1
q025,How many attempts do I have to pass a module at postgraduate level?,"At postgraduate level, you have two attempts at a module.",Late Submission,2,96d236ff,Academic Regulations and Policies Handbook 2025 26 English Nov25,37.0,Subject to being able to continue on a programme: ,11,Academic Regulations and Policies Handbook 2025 26 English Nov25 Section 2.10 Subject to being able to continue on a pro,1
q025,How many attempts do I have to pass a module at postgraduate level?,"At postgraduate level, you have two attempts at a module.",Late Submission,3,9b6682b4,Extenuating Circumstances Procedure for Taught and Undergraduate Students,13.0,Glossary of Terms ,9,Extenuating Circumstances Procedure for Taught and Undergraduate Students Section 8 Glossary of Terms  Term  Definition ,0
q025,How many attempts do I have to pass a module at postgraduate level?,"At postgraduate level, you have two attempts at a module.",Late Submission,4,2f6c48c2,Academic Regulations and Policies Handbook 2025 26 English Nov25,24.0,,8,Undergraduate degree programmes  Candidates for undergraduate degree programmes are required either to  hold qualificati,0
q025,How many attempts do I have to pass a module at postgraduate level?,"At postgraduate level, you have two attempts at a module.",Late Submission,5,f922950c,Academic Regulations and Policies Handbook 2025 26 English Nov25,30.0,,8,MScD  Master of Dental Science/Athro mewn Gwyddoniaeth  Ddeintyddol  MScEcon  Master of Economic and Social Studies/Athr,0
q026,What type of reassessment will I need to complete if I fail?,"The resit component will be the same type as the original assessment (e.g., exam",Late Submission,1,b24d3c51,COMSC School Handbook 25 26,33.0,,38,The type of reassessment you will need to complete depends on the components you have  failed. You may be required to re,1
q026,What type of reassessment will I need to complete if I fail?,"The resit component will be the same type as the original assessment (e.g., exam",Late Submission,2,11955df7,Extenuating Circumstances Procedure for Taught and Undergraduate Students,10.0,,14,Cardiff University Extenuating Circumstances Procedure v2 09/25  The Extenuating Circumstances Group will meet regularly,1
q026,What type of reassessment will I need to complete if I fail?,"The resit component will be the same type as the original assessment (e.g., exam",Late Submission,3,332dde59,Academic Regulations and Policies Handbook 2025 26 English Nov25,95.0,DClinPsy and DEdPsy: programme assessment ,13,Academic Regulations and Policies Handbook 2025 26 English Nov25 Section .3 DClinPsy and DEdPsy: programme assessment  -,0
q026,What type of reassessment will I need to complete if I fail?,"The resit component will be the same type as the original assessment (e.g., exam",Late Submission,4,db4e94a5,Academic Regulations and Policies Handbook 2025 26 English Nov25,45.0,"Where a student repeats module(s) as an external student, the student will ",12,Academic Regulations and Policies Handbook 2025 26 English Nov25 Section 4.16 Where a student repeats module(s) as an ex,0
q026,What type of reassessment will I need to complete if I fail?,"The resit component will be the same type as the original assessment (e.g., exam",Late Submission,5,68924f1f,Academic Regulations and Policies Handbook 2025 26 English Nov25,58.0,"Where a student repeats module(s) as an external student, the student will ",12,Academic Regulations and Policies Handbook 2025 26 English Nov25 Section 5.15 Where a student repeats module(s) as an ex,0
q027,How many credits must a PGT student attain to progress from the taught part to the dissertation phas,"To progress from the taught part of the programme to the dissertation phase, you",Late Submission,1,45cd67a7,COMSC School Handbook 25 26,33.0,Progression ,35,COMSC School Handbook 25 26 Section 14.5.4 Progression  Note: this simplified guidance is to be read in conjunction with,1
q027,How many credits must a PGT student attain to progress from the taught part to the dissertation phas,"To progress from the taught part of the programme to the dissertation phase, you",Late Submission,2,06d95062,Academic Regulations and Policies Handbook 2025 26 English Nov25,53.0,Stage ,19,Academic Regulations and Policies Handbook 2025 26 English Nov25 Section 1 Stage  Progression Exam Board  at the end of ,1
q027,How many credits must a PGT student attain to progress from the taught part to the dissertation phas,"To progress from the taught part of the programme to the dissertation phase, you",Late Submission,3,edaa4781,Academic Regulations and Policies Handbook 2025 26 English Nov25,54.0,,19,Master's  Dissertation submission at  26 weeks from enrolment  to the Dissertation Stage    Award Exam Board at the  end,0
q027,How many credits must a PGT student attain to progress from the taught part to the dissertation phas,"To progress from the taught part of the programme to the dissertation phase, you",Late Submission,4,32c438f0,Academic Regulations and Policies Handbook 2025 26 English Nov25,40.0,"To progress to the next stage of their programme, students must have ",15,Academic Regulations and Policies Handbook 2025 26 English Nov25 Section 4.7 To progress to the next stage of their prog,0
q027,How many credits must a PGT student attain to progress from the taught part to the dissertation phas,"To progress from the taught part of the programme to the dissertation phase, you",Late Submission,5,3527b566,COMSC School Handbook 25 26,24.0,Welcome to the School of Computer Science and Informatics ,15,COMSC School Handbook 25 26 Section 12 Welcome to the School of Computer Science and Informatics  You are part of a vibr,0
q028,Can I appeal against my assessment results?,Yes. You can appeal against your results within 28 days of receiving your transc,Late Submission,1,997821c6,COMSC School Handbook 25 26,12.0,Assessment results ,26,COMSC School Handbook 25 26 Section 4.9 Assessment results  Provisional assessment results will be made available on SIM,1
q028,Can I appeal against my assessment results?,Yes. You can appeal against your results within 28 days of receiving your transc,Late Submission,2,f9a69ffd,Extenuating Circumstances Procedure for Taught and Undergraduate Students,11.0,Academic Appeals Procedure ,17,Extenuating Circumstances Procedure for Taught and Undergraduate Students Section 6 Academic Appeals Procedure  If you h,1
q028,Can I appeal against my assessment results?,Yes. You can appeal against your results within 28 days of receiving your transc,Late Submission,3,40e0c75d,Extenuating Circumstances Procedure for Taught and Undergraduate Students,14.0,,10,Cardiff University Extenuating Circumstances Procedure v2 09/25   students  Students studying with Cardiff University wh,0
q028,Can I appeal against my assessment results?,Yes. You can appeal against your results within 28 days of receiving your transc,Late Submission,4,63baf6e6,Academic Misconduct Procedure Taught,5.0,You must reply within 7 days if you intend to attend. You must send any ,9,Academic Misconduct Procedure Taught Section 3.4 You must reply within 7 days if you intend to attend. You must send any,0
q028,Can I appeal against my assessment results?,Yes. You can appeal against your results within 28 days of receiving your transc,Late Submission,5,2da73726,Academic Regulations and Policies Handbook 2025 26 English Nov25,13.0,,9,"and the student experience, advising/recommending to the Head of School  via the School Board, on matters including:  - ",0
q029,What is the role of the external examiner?,The external examiner ensures that quality and standards are upheld. You can acc,Late Submission,1,a8941c73,COMSC School Handbook 25 26,12.0,Marking ,39,"COMSC School Handbook 25 26 Section 4.8 Marking  Most assessment tasks require academic and/or professional judgement, w",1
q029,What is the role of the external examiner?,The external examiner ensures that quality and standards are upheld. You can acc,Late Submission,2,03fb8978,Academic Regulations and Policies Handbook 2025 26 English Nov25,14.0,Boards of Studies will report to the School Education and Student ,17,Academic Regulations and Policies Handbook 2025 26 English Nov25 Section 4.3.2 Boards of Studies will report to the Scho,1
q029,What is the role of the external examiner?,The external examiner ensures that quality and standards are upheld. You can acc,Late Submission,3,416ca67d,Academic Regulations and Policies Handbook 2025 26 English Nov25,4.0,,13,Institutional Oversight    The Academic Regulations are approved by Senate on the recommendation of the  Academic Standa,0
q029,What is the role of the external examiner?,The external examiner ensures that quality and standards are upheld. You can acc,Late Submission,4,91a91c62,Academic Regulations and Policies Handbook 2025 26 English Nov25,87.0,External examiners will be appointed by the Academic Standards and ,11,Academic Regulations and Policies Handbook 2025 26 English Nov25 Section 12.4 External examiners will be appointed by th,0
q029,What is the role of the external examiner?,The external examiner ensures that quality and standards are upheld. You can acc,Late Submission,5,88adc9da,Academic Regulations and Policies Handbook 2025 26 English Nov25,4.0,,10,"Deliberate steps are taken to engage and involve students,  staff and external expertise in monitoring and evaluation ac",0
q030,"If I submit my undergraduate coursework 23 hours late and there are no extenuating circumstances, wh","The maximum mark you can receive is 40%, as the mark is capped at the minimum pa",Late Submission,1,0d58990f,COMSC School Handbook 25 26,32.0,Component and Module Marks ,20,COMSC School Handbook 25 26 Section 14.5.2 Component and Module Marks  You will receive marks for each individual assess,1
q030,"If I submit my undergraduate coursework 23 hours late and there are no extenuating circumstances, wh","The maximum mark you can receive is 40%, as the mark is capped at the minimum pa",Late Submission,2,9b6682b4,Extenuating Circumstances Procedure for Taught and Undergraduate Students,13.0,Glossary of Terms ,20,Extenuating Circumstances Procedure for Taught and Undergraduate Students Section 8 Glossary of Terms  Term  Definition ,1
q030,"If I submit my undergraduate coursework 23 hours late and there are no extenuating circumstances, wh","The maximum mark you can receive is 40%, as the mark is capped at the minimum pa",Late Submission,3,0c32729f,Academic Regulations and Policies Handbook 2025 26 English Nov25,80.0,Late Submission of Coursework ,18,Academic Regulations and Policies Handbook 2025 26 English Nov25 Section 7 Late Submission of Coursework    7.1 Students,0
q030,"If I submit my undergraduate coursework 23 hours late and there are no extenuating circumstances, wh","The maximum mark you can receive is 40%, as the mark is capped at the minimum pa",Late Submission,4,7690cd99,Academic Regulations and Policies Handbook 2025 26 English Nov25,85.0,The quorum for Examining Boards will be when the Chair is satisfied that an ,18,Academic Regulations and Policies Handbook 2025 26 English Nov25 Section 11.7 The quorum for Examining Boards will be wh,0
q030,"If I submit my undergraduate coursework 23 hours late and there are no extenuating circumstances, wh","The maximum mark you can receive is 40%, as the mark is capped at the minimum pa",Late Submission,5,a8941c73,COMSC School Handbook 25 26,12.0,Marking ,18,"COMSC School Handbook 25 26 Section 4.8 Marking  Most assessment tasks require academic and/or professional judgement, w",0
q031,What is the definition of extenuating circumstances at Cardiff University?,An extenuating circumstance must be: severe and exceptional; and unforeseen or u,Extenuating Circumstances,1,db5119f3,Extenuating Circumstances Procedure for Taught and Undergraduate Students,4.0,What are extenuating circumstances? ,38,Extenuating Circumstances Procedure for Taught and Undergraduate Students Section 1 What are extenuating circumstances? ,1
q031,What is the definition of extenuating circumstances at Cardiff University?,An extenuating circumstance must be: severe and exceptional; and unforeseen or u,Extenuating Circumstances,2,42a18846,Academic Regulations and Policies Handbook 2025 26 English Nov25,79.0,Extenuating Circumstances ,35,Academic Regulations and Policies Handbook 2025 26 English Nov25 Section 6 Extenuating Circumstances    6.1 The Universi,1
q031,What is the definition of extenuating circumstances at Cardiff University?,An extenuating circumstance must be: severe and exceptional; and unforeseen or u,Extenuating Circumstances,3,b133a986,Extenuating Circumstances Procedure for Taught and Undergraduate Students,15.0,,35,Cardiff University Extenuating Circumstances Procedure v2 09/25  Disability  You are disabled under the Equality Act 201,0
q031,What is the definition of extenuating circumstances at Cardiff University?,An extenuating circumstance must be: severe and exceptional; and unforeseen or u,Extenuating Circumstances,4,5818818c,COMSC School Handbook 25 26,21.0,,29,"- unforeseen or unavoidable; and  - close in time to the assessment, or where you can demonstrate that the circumstances",0
q031,What is the definition of extenuating circumstances at Cardiff University?,An extenuating circumstance must be: severe and exceptional; and unforeseen or u,Extenuating Circumstances,5,629519ad,Extenuating Circumstances Procedure for Taught and Undergraduate Students,5.0,How to declare your circumstances ,20,Extenuating Circumstances Procedure for Taught and Undergraduate Students Section 2 How to declare your circumstances  I,0
q032,What are some examples of extenuating circumstances?,Examples include: serious short-term illness or an accident; bereavement (death ,Extenuating Circumstances,1,db5119f3,Extenuating Circumstances Procedure for Taught and Undergraduate Students,4.0,What are extenuating circumstances? ,87,Extenuating Circumstances Procedure for Taught and Undergraduate Students Section 1 What are extenuating circumstances? ,1
q032,What are some examples of extenuating circumstances?,Examples include: serious short-term illness or an accident; bereavement (death ,Extenuating Circumstances,2,40e0c75d,Extenuating Circumstances Procedure for Taught and Undergraduate Students,14.0,,38,Cardiff University Extenuating Circumstances Procedure v2 09/25   students  Students studying with Cardiff University wh,1
q032,What are some examples of extenuating circumstances?,Examples include: serious short-term illness or an accident; bereavement (death ,Extenuating Circumstances,3,b133a986,Extenuating Circumstances Procedure for Taught and Undergraduate Students,15.0,,26,Cardiff University Extenuating Circumstances Procedure v2 09/25  Disability  You are disabled under the Equality Act 201,0
q032,What are some examples of extenuating circumstances?,Examples include: serious short-term illness or an accident; bereavement (death ,Extenuating Circumstances,4,f28a965f,Academic Regulations and Policies Handbook 2025 26 English Nov25,20.0,"In making any such changes, the University will aim to keep the changes to ",23,"Academic Regulations and Policies Handbook 2025 26 English Nov25 Section 2.3 In making any such changes, the University ",0
q032,What are some examples of extenuating circumstances?,Examples include: serious short-term illness or an accident; bereavement (death ,Extenuating Circumstances,5,bef1f5c6,Extenuating Circumstances Procedure for Taught and Undergraduate Students,9.0,,23,Cardiff University Extenuating Circumstances Procedure v2 09/25  assessment  deadline*  Situation   You started an  exam,0
q033,Is poor time management considered an extenuating circumstance?,"No. Poor time management, such as not giving yourself sufficient time to complet",Extenuating Circumstances,1,66620550,Extenuating Circumstances Procedure for Taught and Undergraduate Students,5.0,,25,Cardiff University Extenuating Circumstances Procedure v2 09/25  Examples of circumstances which are not extenuating are,1
q033,Is poor time management considered an extenuating circumstance?,"No. Poor time management, such as not giving yourself sufficient time to complet",Extenuating Circumstances,2,11955df7,Extenuating Circumstances Procedure for Taught and Undergraduate Students,10.0,,18,Cardiff University Extenuating Circumstances Procedure v2 09/25  The Extenuating Circumstances Group will meet regularly,1
q033,Is poor time management considered an extenuating circumstance?,"No. Poor time management, such as not giving yourself sufficient time to complet",Extenuating Circumstances,3,9fb42f4d,Extenuating Circumstances Procedure for Taught and Undergraduate Students,6.0,,17,Cardiff University Extenuating Circumstances Procedure v2 09/25  If assessments are not completed on time and without ex,0
q033,Is poor time management considered an extenuating circumstance?,"No. Poor time management, such as not giving yourself sufficient time to complet",Extenuating Circumstances,4,db5119f3,Extenuating Circumstances Procedure for Taught and Undergraduate Students,4.0,What are extenuating circumstances? ,15,Extenuating Circumstances Procedure for Taught and Undergraduate Students Section 1 What are extenuating circumstances? ,0
q033,Is poor time management considered an extenuating circumstance?,"No. Poor time management, such as not giving yourself sufficient time to complet",Extenuating Circumstances,5,5818818c,COMSC School Handbook 25 26,21.0,,14,"- unforeseen or unavoidable; and  - close in time to the assessment, or where you can demonstrate that the circumstances",0
q034,Is assessment-related stress considered an extenuating circumstance?,No. Assessment-related stress which is not diagnosed as an illness is not consid,Extenuating Circumstances,1,66620550,Extenuating Circumstances Procedure for Taught and Undergraduate Students,5.0,,14,Cardiff University Extenuating Circumstances Procedure v2 09/25  Examples of circumstances which are not extenuating are,1
q034,Is assessment-related stress considered an extenuating circumstance?,No. Assessment-related stress which is not diagnosed as an illness is not consid,Extenuating Circumstances,2,173fc8c0,COMSC School Handbook 25 26,20.0,Extenuating circumstances ,12,COMSC School Handbook 25 26 Section 9.4 Extenuating circumstances  You are expected to submit all assessments by the pub,1
q034,Is assessment-related stress considered an extenuating circumstance?,No. Assessment-related stress which is not diagnosed as an illness is not consid,Extenuating Circumstances,3,db5119f3,Extenuating Circumstances Procedure for Taught and Undergraduate Students,4.0,What are extenuating circumstances? ,11,Extenuating Circumstances Procedure for Taught and Undergraduate Students Section 1 What are extenuating circumstances? ,0
q034,Is assessment-related stress considered an extenuating circumstance?,No. Assessment-related stress which is not diagnosed as an illness is not consid,Extenuating Circumstances,4,45ba98a5,Academic Regulations and Policies Handbook 2025 26 English Nov25,8.0,,8,"Sources of Further Information      The Academic Regulations are supported by a number of policies and procedures,  whic",0
q034,Is assessment-related stress considered an extenuating circumstance?,No. Assessment-related stress which is not diagnosed as an illness is not consid,Extenuating Circumstances,5,3aaf2392,Academic Regulations and Policies Handbook 2025 26 English Nov25,79.0,Adjustments can be made to the programme to enable students to engage in ,8,Academic Regulations and Policies Handbook 2025 26 English Nov25 Section 4.2 Adjustments can be made to the programme to,0
q035,Are planned religious festivals or holidays considered extenuating circumstances?,"No. Where the event or circumstances were foreseeable or able to be anticipated,",Extenuating Circumstances,1,66620550,Extenuating Circumstances Procedure for Taught and Undergraduate Students,5.0,,41,Cardiff University Extenuating Circumstances Procedure v2 09/25  Examples of circumstances which are not extenuating are,1
q035,Are planned religious festivals or holidays considered extenuating circumstances?,"No. Where the event or circumstances were foreseeable or able to be anticipated,",Extenuating Circumstances,2,11955df7,Extenuating Circumstances Procedure for Taught and Undergraduate Students,10.0,,15,Cardiff University Extenuating Circumstances Procedure v2 09/25  The Extenuating Circumstances Group will meet regularly,1
q035,Are planned religious festivals or holidays considered extenuating circumstances?,"No. Where the event or circumstances were foreseeable or able to be anticipated,",Extenuating Circumstances,3,074034dc,Extenuating Circumstances Procedure for Taught and Undergraduate Students,18.0,,15,Cardiff University Extenuating Circumstances Procedure v2 09/25  You are not able to  sit/submit an  upcoming  assessmen,0
q035,Are planned religious festivals or holidays considered extenuating circumstances?,"No. Where the event or circumstances were foreseeable or able to be anticipated,",Extenuating Circumstances,4,40e0c75d,Extenuating Circumstances Procedure for Taught and Undergraduate Students,14.0,,14,Cardiff University Extenuating Circumstances Procedure v2 09/25   students  Students studying with Cardiff University wh,0
q035,Are planned religious festivals or holidays considered extenuating circumstances?,"No. Where the event or circumstances were foreseeable or able to be anticipated,",Extenuating Circumstances,5,4196cfb4,Extenuating Circumstances Procedure for Taught and Undergraduate Students,16.0,,14,Cardiff University Extenuating Circumstances Procedure v2 09/25  If you are unable to present evidence with your circums,0
q036,Do I need to provide evidence when declaring extenuating circumstances before an assessment deadline,"No. When declaring extenuating circumstances before the assessment deadline, you",Extenuating Circumstances,1,cad65109,Extenuating Circumstances Procedure for Taught and Undergraduate Students,3.0,,45,"Cardiff University Extenuating Circumstances Procedure v2 09/25  the University of your circumstances, and to request an",1
q036,Do I need to provide evidence when declaring extenuating circumstances before an assessment deadline,"No. When declaring extenuating circumstances before the assessment deadline, you",Extenuating Circumstances,2,9fb42f4d,Extenuating Circumstances Procedure for Taught and Undergraduate Students,6.0,,29,Cardiff University Extenuating Circumstances Procedure v2 09/25  If assessments are not completed on time and without ex,1
q036,Do I need to provide evidence when declaring extenuating circumstances before an assessment deadline,"No. When declaring extenuating circumstances before the assessment deadline, you",Extenuating Circumstances,3,11955df7,Extenuating Circumstances Procedure for Taught and Undergraduate Students,10.0,,24,Cardiff University Extenuating Circumstances Procedure v2 09/25  The Extenuating Circumstances Group will meet regularly,0
q036,Do I need to provide evidence when declaring extenuating circumstances before an assessment deadline,"No. When declaring extenuating circumstances before the assessment deadline, you",Extenuating Circumstances,4,96a075d0,Extenuating Circumstances Procedure for Taught and Undergraduate Students,8.0,,21,Cardiff University Extenuating Circumstances Procedure v2 09/25  Situation   You are unable to  attend an  examination o,0
q036,Do I need to provide evidence when declaring extenuating circumstances before an assessment deadline,"No. When declaring extenuating circumstances before the assessment deadline, you",Extenuating Circumstances,5,074034dc,Extenuating Circumstances Procedure for Taught and Undergraduate Students,18.0,,20,Cardiff University Extenuating Circumstances Procedure v2 09/25  You are not able to  sit/submit an  upcoming  assessmen,0
q037,Do I need evidence if I declare extenuating circumstances after an assessment deadline?,Yes. If you are declaring extenuating circumstances after the assessment deadlin,Extenuating Circumstances,1,11955df7,Extenuating Circumstances Procedure for Taught and Undergraduate Students,10.0,,30,Cardiff University Extenuating Circumstances Procedure v2 09/25  The Extenuating Circumstances Group will meet regularly,1
q037,Do I need evidence if I declare extenuating circumstances after an assessment deadline?,Yes. If you are declaring extenuating circumstances after the assessment deadlin,Extenuating Circumstances,2,cad65109,Extenuating Circumstances Procedure for Taught and Undergraduate Students,3.0,,29,"Cardiff University Extenuating Circumstances Procedure v2 09/25  the University of your circumstances, and to request an",1
q037,Do I need evidence if I declare extenuating circumstances after an assessment deadline?,Yes. If you are declaring extenuating circumstances after the assessment deadlin,Extenuating Circumstances,3,96a075d0,Extenuating Circumstances Procedure for Taught and Undergraduate Students,8.0,,29,Cardiff University Extenuating Circumstances Procedure v2 09/25  Situation   You are unable to  attend an  examination o,0
q037,Do I need evidence if I declare extenuating circumstances after an assessment deadline?,Yes. If you are declaring extenuating circumstances after the assessment deadlin,Extenuating Circumstances,4,074034dc,Extenuating Circumstances Procedure for Taught and Undergraduate Students,18.0,,24,Cardiff University Extenuating Circumstances Procedure v2 09/25  You are not able to  sit/submit an  upcoming  assessmen,0
q037,Do I need evidence if I declare extenuating circumstances after an assessment deadline?,Yes. If you are declaring extenuating circumstances after the assessment deadlin,Extenuating Circumstances,5,9fb42f4d,Extenuating Circumstances Procedure for Taught and Undergraduate Students,6.0,,23,Cardiff University Extenuating Circumstances Procedure v2 09/25  If assessments are not completed on time and without ex,0
q038,What academic remedy can I request if I cannot submit coursework by the deadline due to extenuating ,You can request a 1-week extenuating circumstances extension (2 weeks for part-t,Extenuating Circumstances,1,6c224c5e,Extenuating Circumstances Procedure for Taught and Undergraduate Students,7.0,,27,Cardiff University Extenuating Circumstances Procedure v2 09/25  Reporting extenuating circumstance before an assessment,1
q038,What academic remedy can I request if I cannot submit coursework by the deadline due to extenuating ,You can request a 1-week extenuating circumstances extension (2 weeks for part-t,Extenuating Circumstances,2,11955df7,Extenuating Circumstances Procedure for Taught and Undergraduate Students,10.0,,26,Cardiff University Extenuating Circumstances Procedure v2 09/25  The Extenuating Circumstances Group will meet regularly,1
q038,What academic remedy can I request if I cannot submit coursework by the deadline due to extenuating ,You can request a 1-week extenuating circumstances extension (2 weeks for part-t,Extenuating Circumstances,3,96a075d0,Extenuating Circumstances Procedure for Taught and Undergraduate Students,8.0,,24,Cardiff University Extenuating Circumstances Procedure v2 09/25  Situation   You are unable to  attend an  examination o,0
q038,What academic remedy can I request if I cannot submit coursework by the deadline due to extenuating ,You can request a 1-week extenuating circumstances extension (2 weeks for part-t,Extenuating Circumstances,4,2546d450,Extenuating Circumstances Procedure for Taught and Undergraduate Students,10.0,,22,as though the  extension had been granted before the coursework deadline. If you subsequently complete the assessment an,0
q038,What academic remedy can I request if I cannot submit coursework by the deadline due to extenuating ,You can request a 1-week extenuating circumstances extension (2 weeks for part-t,Extenuating Circumstances,5,40e0c75d,Extenuating Circumstances Procedure for Taught and Undergraduate Students,14.0,,21,Cardiff University Extenuating Circumstances Procedure v2 09/25   students  Students studying with Cardiff University wh,0
q039,What extension is available for a postgraduate taught Masters dissertation under extenuating circums,"You can request a 4-week extenuating circumstances extension, or to defer the di",Extenuating Circumstances,1,6c224c5e,Extenuating Circumstances Procedure for Taught and Undergraduate Students,7.0,,29,Cardiff University Extenuating Circumstances Procedure v2 09/25  Reporting extenuating circumstance before an assessment,1
q039,What extension is available for a postgraduate taught Masters dissertation under extenuating circums,"You can request a 4-week extenuating circumstances extension, or to defer the di",Extenuating Circumstances,2,96a075d0,Extenuating Circumstances Procedure for Taught and Undergraduate Students,8.0,,22,Cardiff University Extenuating Circumstances Procedure v2 09/25  Situation   You are unable to  attend an  examination o,1
q039,What extension is available for a postgraduate taught Masters dissertation under extenuating circums,"You can request a 4-week extenuating circumstances extension, or to defer the di",Extenuating Circumstances,3,40e0c75d,Extenuating Circumstances Procedure for Taught and Undergraduate Students,14.0,,18,Cardiff University Extenuating Circumstances Procedure v2 09/25   students  Students studying with Cardiff University wh,0
q039,What extension is available for a postgraduate taught Masters dissertation under extenuating circums,"You can request a 4-week extenuating circumstances extension, or to defer the di",Extenuating Circumstances,4,bef1f5c6,Extenuating Circumstances Procedure for Taught and Undergraduate Students,9.0,,17,Cardiff University Extenuating Circumstances Procedure v2 09/25  assessment  deadline*  Situation   You started an  exam,0
q039,What extension is available for a postgraduate taught Masters dissertation under extenuating circums,"You can request a 4-week extenuating circumstances extension, or to defer the di",Extenuating Circumstances,5,11955df7,Extenuating Circumstances Procedure for Taught and Undergraduate Students,10.0,,16,Cardiff University Extenuating Circumstances Procedure v2 09/25  The Extenuating Circumstances Group will meet regularly,0
q040,What remedy is available if I cannot attend an examination due to extenuating circumstances?,You can request to defer the assessment to the next assessment period. For Class,Extenuating Circumstances,1,96a075d0,Extenuating Circumstances Procedure for Taught and Undergraduate Students,8.0,,37,Cardiff University Extenuating Circumstances Procedure v2 09/25  Situation   You are unable to  attend an  examination o,1
q040,What remedy is available if I cannot attend an examination due to extenuating circumstances?,You can request to defer the assessment to the next assessment period. For Class,Extenuating Circumstances,2,6c224c5e,Extenuating Circumstances Procedure for Taught and Undergraduate Students,7.0,,32,Cardiff University Extenuating Circumstances Procedure v2 09/25  Reporting extenuating circumstance before an assessment,1
q040,What remedy is available if I cannot attend an examination due to extenuating circumstances?,You can request to defer the assessment to the next assessment period. For Class,Extenuating Circumstances,3,40e0c75d,Extenuating Circumstances Procedure for Taught and Undergraduate Students,14.0,,22,Cardiff University Extenuating Circumstances Procedure v2 09/25   students  Students studying with Cardiff University wh,0
q040,What remedy is available if I cannot attend an examination due to extenuating circumstances?,You can request to defer the assessment to the next assessment period. For Class,Extenuating Circumstances,4,f64cbcec,Extenuating Circumstances Procedure for Taught and Undergraduate Students,14.0,,15,This may be  in the same assessment schedule or a later assessment period. Deferral is not an academic failure. If you d,0
q040,What remedy is available if I cannot attend an examination due to extenuating circumstances?,You can request to defer the assessment to the next assessment period. For Class,Extenuating Circumstances,5,20baf690,COMSC School Handbook 25 26,34.0,Feedback on assessment ,14,COMSC School Handbook 25 26 Section 14.6 Feedback on assessment  doing so. A conversation with your personal tutor or ot,0
q041,What happens if I declare extenuating circumstances before an exam but then decide to sit it?,The decision to attempt the exam will override your extenuating circumstances de,Extenuating Circumstances,1,11955df7,Extenuating Circumstances Procedure for Taught and Undergraduate Students,10.0,,33,Cardiff University Extenuating Circumstances Procedure v2 09/25  The Extenuating Circumstances Group will meet regularly,1
q041,What happens if I declare extenuating circumstances before an exam but then decide to sit it?,The decision to attempt the exam will override your extenuating circumstances de,Extenuating Circumstances,2,074034dc,Extenuating Circumstances Procedure for Taught and Undergraduate Students,18.0,,20,Cardiff University Extenuating Circumstances Procedure v2 09/25  You are not able to  sit/submit an  upcoming  assessmen,1
q041,What happens if I declare extenuating circumstances before an exam but then decide to sit it?,The decision to attempt the exam will override your extenuating circumstances de,Extenuating Circumstances,3,b133a986,Extenuating Circumstances Procedure for Taught and Undergraduate Students,15.0,,17,Cardiff University Extenuating Circumstances Procedure v2 09/25  Disability  You are disabled under the Equality Act 201,0
q041,What happens if I declare extenuating circumstances before an exam but then decide to sit it?,The decision to attempt the exam will override your extenuating circumstances de,Extenuating Circumstances,4,0d7a43ea,Extenuating Circumstances Procedure for Taught and Undergraduate Students,16.0,,16,Exam or TimeLimited  Assessment  An assessment completed in controlled conditions that lasts up to 48  hours. Group work,0
q041,What happens if I declare extenuating circumstances before an exam but then decide to sit it?,The decision to attempt the exam will override your extenuating circumstances de,Extenuating Circumstances,5,447cab7e,Extenuating Circumstances Procedure for Taught and Undergraduate Students,9.0,What your School will do with your declaration of ,15,Extenuating Circumstances Procedure for Taught and Undergraduate Students Section 4 What your School will do with your d,0
q042,What does 'close in time' mean in the context of extenuating circumstances?,Close in time typically means within 14 days prior to an assessment deadline or ,Extenuating Circumstances,1,40e0c75d,Extenuating Circumstances Procedure for Taught and Undergraduate Students,14.0,,27,Cardiff University Extenuating Circumstances Procedure v2 09/25   students  Students studying with Cardiff University wh,1
q042,What does 'close in time' mean in the context of extenuating circumstances?,Close in time typically means within 14 days prior to an assessment deadline or ,Extenuating Circumstances,2,11955df7,Extenuating Circumstances Procedure for Taught and Undergraduate Students,10.0,,18,Cardiff University Extenuating Circumstances Procedure v2 09/25  The Extenuating Circumstances Group will meet regularly,1
q042,What does 'close in time' mean in the context of extenuating circumstances?,Close in time typically means within 14 days prior to an assessment deadline or ,Extenuating Circumstances,3,66620550,Extenuating Circumstances Procedure for Taught and Undergraduate Students,5.0,,15,Cardiff University Extenuating Circumstances Procedure v2 09/25  Examples of circumstances which are not extenuating are,0
q042,What does 'close in time' mean in the context of extenuating circumstances?,Close in time typically means within 14 days prior to an assessment deadline or ,Extenuating Circumstances,4,a56d826d,COMSC School Handbook 25 26,20.0,Alternative examination arrangements ,13,COMSC School Handbook 25 26 Section 9.3 Alternative examination arrangements  You can apply for alternative arrangements,0
q042,What does 'close in time' mean in the context of extenuating circumstances?,Close in time typically means within 14 days prior to an assessment deadline or ,Extenuating Circumstances,5,5818818c,COMSC School Handbook 25 26,21.0,,12,"- unforeseen or unavoidable; and  - close in time to the assessment, or where you can demonstrate that the circumstances",0
q043,Who decides on my extenuating circumstances declaration?,"Declarations are considered by the Extenuating Circumstances Group, or a nominee",Extenuating Circumstances,1,447cab7e,Extenuating Circumstances Procedure for Taught and Undergraduate Students,9.0,What your School will do with your declaration of ,27,Extenuating Circumstances Procedure for Taught and Undergraduate Students Section 4 What your School will do with your d,1
q043,Who decides on my extenuating circumstances declaration?,"Declarations are considered by the Extenuating Circumstances Group, or a nominee",Extenuating Circumstances,2,11955df7,Extenuating Circumstances Procedure for Taught and Undergraduate Students,10.0,,21,Cardiff University Extenuating Circumstances Procedure v2 09/25  The Extenuating Circumstances Group will meet regularly,1
q043,Who decides on my extenuating circumstances declaration?,"Declarations are considered by the Extenuating Circumstances Group, or a nominee",Extenuating Circumstances,3,074034dc,Extenuating Circumstances Procedure for Taught and Undergraduate Students,18.0,,21,Cardiff University Extenuating Circumstances Procedure v2 09/25  You are not able to  sit/submit an  upcoming  assessmen,0
q043,Who decides on my extenuating circumstances declaration?,"Declarations are considered by the Extenuating Circumstances Group, or a nominee",Extenuating Circumstances,4,48573782,Academic Regulations and Policies Handbook 2025 26 English Nov25,84.0,"The External Examiner(s), where a module or unit of study ",18,"Academic Regulations and Policies Handbook 2025 26 English Nov25 Section 11.4.3 The External Examiner(s), where a module",0
q043,Who decides on my extenuating circumstances declaration?,"Declarations are considered by the Extenuating Circumstances Group, or a nominee",Extenuating Circumstances,5,f08971d1,COMSC School Handbook 25 26,40.0,Academic Regulations in my School ,18,COMSC School Handbook 25 26 Section 17 Academic Regulations in my School    17.1 Extenuating Circumstances  If you need ,0
q044,Who are the members of the Extenuating Circumstances Group?,The Group consists of: a member (not the Chair) of the Examining Board who acts ,Extenuating Circumstances,1,b133a986,Extenuating Circumstances Procedure for Taught and Undergraduate Students,15.0,,46,Cardiff University Extenuating Circumstances Procedure v2 09/25  Disability  You are disabled under the Equality Act 201,1
q044,Who are the members of the Extenuating Circumstances Group?,The Group consists of: a member (not the Chair) of the Examining Board who acts ,Extenuating Circumstances,2,48573782,Academic Regulations and Policies Handbook 2025 26 English Nov25,84.0,"The External Examiner(s), where a module or unit of study ",22,"Academic Regulations and Policies Handbook 2025 26 English Nov25 Section 11.4.3 The External Examiner(s), where a module",1
q044,Who are the members of the Extenuating Circumstances Group?,The Group consists of: a member (not the Chair) of the Examining Board who acts ,Extenuating Circumstances,3,ab919932,Academic Regulations and Policies Handbook 2025 26 English Nov25,84.0,The membership of Examining Boards will include: ,18,Academic Regulations and Policies Handbook 2025 26 English Nov25 Section 11.4 The membership of Examining Boards will in,0
q044,Who are the members of the Extenuating Circumstances Group?,The Group consists of: a member (not the Chair) of the Examining Board who acts ,Extenuating Circumstances,4,460bfc79,COMSC School Handbook 25 26,38.0,Making the most of your student experience ,18,COMSC School Handbook 25 26 Section 15 Making the most of your student experience    15.1 Student Voice - Student-Staff ,0
q044,Who are the members of the Extenuating Circumstances Group?,The Group consists of: a member (not the Chair) of the Examining Board who acts ,Extenuating Circumstances,5,62727ca4,Academic Misconduct Procedure Taught,5.0,Stage 2 - University Academic Integrity Panel ,16,Academic Misconduct Procedure Taught Section 3 Stage 2 - University Academic Integrity Panel    3.1 The panel will be ma,0
q045,What happens if I declare extenuating circumstances more than three times in an academic year?,Your School may contact you to better understand your circumstances. Multiple de,Extenuating Circumstances,1,2546d450,Extenuating Circumstances Procedure for Taught and Undergraduate Students,10.0,,39,as though the  extension had been granted before the coursework deadline. If you subsequently complete the assessment an,1
q045,What happens if I declare extenuating circumstances more than three times in an academic year?,Your School may contact you to better understand your circumstances. Multiple de,Extenuating Circumstances,2,08df38cb,Extenuating Circumstances Procedure for Taught and Undergraduate Students,12.0,Support from the University ,20,Extenuating Circumstances Procedure for Taught and Undergraduate Students Section 7 Support from the University  Please ,1
q045,What happens if I declare extenuating circumstances more than three times in an academic year?,Your School may contact you to better understand your circumstances. Multiple de,Extenuating Circumstances,3,40e0c75d,Extenuating Circumstances Procedure for Taught and Undergraduate Students,14.0,,16,Cardiff University Extenuating Circumstances Procedure v2 09/25   students  Students studying with Cardiff University wh,0
q045,What happens if I declare extenuating circumstances more than three times in an academic year?,Your School may contact you to better understand your circumstances. Multiple de,Extenuating Circumstances,4,b836cd8c,COMSC School Handbook 25 26,25.0,Meet the Student Services Team ,15,COMSC School Handbook 25 26 Section 12.1 Meet the Student Services Team  Our Student Services Team is here to support yo,0
q045,What happens if I declare extenuating circumstances more than three times in an academic year?,Your School may contact you to better understand your circumstances. Multiple de,Extenuating Circumstances,5,969aeb50,COMSC School Handbook 25 26,37.0,COMSC Student Services Team ,14,COMSC School Handbook 25 26 Section 14.12.1 COMSC Student Services Team  Our team are here to help you with queries abou,0
q046,Is the extenuating circumstances process confidential?,Yes. All information submitted under the Extenuating Circumstances Procedure is ,Extenuating Circumstances,1,40e0c75d,Extenuating Circumstances Procedure for Taught and Undergraduate Students,14.0,,49,Cardiff University Extenuating Circumstances Procedure v2 09/25   students  Students studying with Cardiff University wh,1
q046,Is the extenuating circumstances process confidential?,Yes. All information submitted under the Extenuating Circumstances Procedure is ,Extenuating Circumstances,2,cad65109,Extenuating Circumstances Procedure for Taught and Undergraduate Students,3.0,,45,"Cardiff University Extenuating Circumstances Procedure v2 09/25  the University of your circumstances, and to request an",1
q046,Is the extenuating circumstances process confidential?,Yes. All information submitted under the Extenuating Circumstances Procedure is ,Extenuating Circumstances,3,08df38cb,Extenuating Circumstances Procedure for Taught and Undergraduate Students,12.0,Support from the University ,27,Extenuating Circumstances Procedure for Taught and Undergraduate Students Section 7 Support from the University  Please ,0
q046,Is the extenuating circumstances process confidential?,Yes. All information submitted under the Extenuating Circumstances Procedure is ,Extenuating Circumstances,4,43518fcb,Academic Regulations and Policies Handbook 2025 26 English Nov25,27.0,,24,"applicant's performance and achievement in terms of their application to  University. Criminal Convictions policy, proce",0
q046,Is the extenuating circumstances process confidential?,Yes. All information submitted under the Extenuating Circumstances Procedure is ,Extenuating Circumstances,5,3c0cd891,COMSC School Handbook 25 26,15.0,,24,- If you are absent for 14 days or more: you will need to apply for an interruption of  study or extenuating circumstanc,0
q047,What is a deferral in the context of extenuating circumstances?,A deferral means moving the assessment to the next available opportunity. This m,Extenuating Circumstances,1,40e0c75d,Extenuating Circumstances Procedure for Taught and Undergraduate Students,14.0,,33,Cardiff University Extenuating Circumstances Procedure v2 09/25   students  Students studying with Cardiff University wh,1
q047,What is a deferral in the context of extenuating circumstances?,A deferral means moving the assessment to the next available opportunity. This m,Extenuating Circumstances,2,f64cbcec,Extenuating Circumstances Procedure for Taught and Undergraduate Students,14.0,,22,This may be  in the same assessment schedule or a later assessment period. Deferral is not an academic failure. If you d,1
q047,What is a deferral in the context of extenuating circumstances?,A deferral means moving the assessment to the next available opportunity. This m,Extenuating Circumstances,3,96a075d0,Extenuating Circumstances Procedure for Taught and Undergraduate Students,8.0,,21,Cardiff University Extenuating Circumstances Procedure v2 09/25  Situation   You are unable to  attend an  examination o,0
q047,What is a deferral in the context of extenuating circumstances?,A deferral means moving the assessment to the next available opportunity. This m,Extenuating Circumstances,4,04d5d98a,Extenuating Circumstances Procedure for Taught and Undergraduate Students,17.0,,18,Cardiff University Extenuating Circumstances Procedure v2 09/25  Next assessment  period  For those assessments schedule,0
q047,What is a deferral in the context of extenuating circumstances?,A deferral means moving the assessment to the next available opportunity. This m,Extenuating Circumstances,5,9fb42f4d,Extenuating Circumstances Procedure for Taught and Undergraduate Students,6.0,,17,Cardiff University Extenuating Circumstances Procedure v2 09/25  If assessments are not completed on time and without ex,0
q048,Can the Examining Board discount module marks affected by extenuating circumstances?,Yes. Final Examining Boards may discount module marks affected by extenuating ci,Extenuating Circumstances,1,b133a986,Extenuating Circumstances Procedure for Taught and Undergraduate Students,15.0,,64,Cardiff University Extenuating Circumstances Procedure v2 09/25  Disability  You are disabled under the Equality Act 201,1
q048,Can the Examining Board discount module marks affected by extenuating circumstances?,Yes. Final Examining Boards may discount module marks affected by extenuating ci,Extenuating Circumstances,2,e313e8ce,Extenuating Circumstances Procedure for Taught and Undergraduate Students,11.0,Examining Board Remedies ,58,Extenuating Circumstances Procedure for Taught and Undergraduate Students Section 5 Examining Board Remedies  Cardiff Un,1
q048,Can the Examining Board discount module marks affected by extenuating circumstances?,Yes. Final Examining Boards may discount module marks affected by extenuating ci,Extenuating Circumstances,3,bef1f5c6,Extenuating Circumstances Procedure for Taught and Undergraduate Students,9.0,,46,Cardiff University Extenuating Circumstances Procedure v2 09/25  assessment  deadline*  Situation   You started an  exam,0
q048,Can the Examining Board discount module marks affected by extenuating circumstances?,Yes. Final Examining Boards may discount module marks affected by extenuating ci,Extenuating Circumstances,4,4351bd92,Academic Regulations and Policies Handbook 2025 26 English Nov25,86.0,"Where a Professional, Statutory, or Regulatory Body does not permit ",36,"Academic Regulations and Policies Handbook 2025 26 English Nov25 Section 11.11.4 Where a Professional, Statutory, or Reg",0
q048,Can the Examining Board discount module marks affected by extenuating circumstances?,Yes. Final Examining Boards may discount module marks affected by extenuating ci,Extenuating Circumstances,5,0d7a43ea,Extenuating Circumstances Procedure for Taught and Undergraduate Students,16.0,,30,Exam or TimeLimited  Assessment  An assessment completed in controlled conditions that lasts up to 48  hours. Group work,0
q049,What types of evidence are acceptable for extenuating circumstances declarations?,Types of evidence include: a GP/medical letter; a statement from a support servi,Extenuating Circumstances,1,4196cfb4,Extenuating Circumstances Procedure for Taught and Undergraduate Students,16.0,,58,Cardiff University Extenuating Circumstances Procedure v2 09/25  If you are unable to present evidence with your circums,1
q049,What types of evidence are acceptable for extenuating circumstances declarations?,Types of evidence include: a GP/medical letter; a statement from a support servi,Extenuating Circumstances,2,08df38cb,Extenuating Circumstances Procedure for Taught and Undergraduate Students,12.0,Support from the University ,14,Extenuating Circumstances Procedure for Taught and Undergraduate Students Section 7 Support from the University  Please ,1
q049,What types of evidence are acceptable for extenuating circumstances declarations?,Types of evidence include: a GP/medical letter; a statement from a support servi,Extenuating Circumstances,3,66bcc21f,Extenuating Circumstances Procedure for Taught and Undergraduate Students,12.0,Support from the University ,14,Your report will not be handed  to your School as a declaration of extenuating circumstances*  - Student Disability Serv,0
q049,What types of evidence are acceptable for extenuating circumstances declarations?,Types of evidence include: a GP/medical letter; a statement from a support servi,Extenuating Circumstances,4,fdaf76e9,Academic Regulations and Policies Handbook 2025 26 English Nov25,23.0,Applicants must satisfy all entry requirement(s) and terms of enrolment as ,13,Academic Regulations and Policies Handbook 2025 26 English Nov25 Section 2.3 Applicants must satisfy all entry requireme,0
q049,What types of evidence are acceptable for extenuating circumstances declarations?,Types of evidence include: a GP/medical letter; a statement from a support servi,Extenuating Circumstances,5,0a58a1ec,Academic Regulations and Policies Handbook 2025 26 English Nov25,97.0,"Where a student has not yet submitted their thesis, a sufficient amount of ",13,Academic Regulations and Policies Handbook 2025 26 English Nov25 Section 7.6 Where a student has not yet submitted their,0
q050,Can I use the extenuating circumstances procedure to report absence from a teaching session?,No. You cannot use the Extenuating Circumstances Procedure to tell the Universit,Extenuating Circumstances,1,a8373d53,Extenuating Circumstances Procedure for Taught and Undergraduate Students,3.0,,33,"If your programme requires compulsory attendance at some engagement points (e.g.,  laboratories, clinical placements and",1
q050,Can I use the extenuating circumstances procedure to report absence from a teaching session?,No. You cannot use the Extenuating Circumstances Procedure to tell the Universit,Extenuating Circumstances,2,08df38cb,Extenuating Circumstances Procedure for Taught and Undergraduate Students,12.0,Support from the University ,17,Extenuating Circumstances Procedure for Taught and Undergraduate Students Section 7 Support from the University  Please ,1
q050,Can I use the extenuating circumstances procedure to report absence from a teaching session?,No. You cannot use the Extenuating Circumstances Procedure to tell the Universit,Extenuating Circumstances,3,723df08c,Academic Regulations and Policies Handbook 2025 26 English Nov25,9.0,,16,- Strategic Approach to the Enhancement of Assessment and Feedback -  2023-2027  - Education Partnership Policy  - Educa,0
q050,Can I use the extenuating circumstances procedure to report absence from a teaching session?,No. You cannot use the Extenuating Circumstances Procedure to tell the Universit,Extenuating Circumstances,4,43518fcb,Academic Regulations and Policies Handbook 2025 26 English Nov25,27.0,,16,"applicant's performance and achievement in terms of their application to  University. Criminal Convictions policy, proce",0
q050,Can I use the extenuating circumstances procedure to report absence from a teaching session?,No. You cannot use the Extenuating Circumstances Procedure to tell the Universit,Extenuating Circumstances,5,0c97754f,Academic Regulations and Policies Handbook 2025 26 English Nov25,80.0,The Extenuating Circumstances Procedure outlines how students apply ,16,Academic Regulations and Policies Handbook 2025 26 English Nov25 Section 6.3 The Extenuating Circumstances Procedure out,0
q051,What should I do if my circumstances prevent me from engaging with studies for more than two weeks?,You may want to apply to take a break from your studies using the Interruption o,Extenuating Circumstances,1,a8373d53,Extenuating Circumstances Procedure for Taught and Undergraduate Students,3.0,,31,"If your programme requires compulsory attendance at some engagement points (e.g.,  laboratories, clinical placements and",1
q051,What should I do if my circumstances prevent me from engaging with studies for more than two weeks?,You may want to apply to take a break from your studies using the Interruption o,Extenuating Circumstances,2,3aaf2392,Academic Regulations and Policies Handbook 2025 26 English Nov25,79.0,Adjustments can be made to the programme to enable students to engage in ,17,Academic Regulations and Policies Handbook 2025 26 English Nov25 Section 4.2 Adjustments can be made to the programme to,1
q051,What should I do if my circumstances prevent me from engaging with studies for more than two weeks?,You may want to apply to take a break from your studies using the Interruption o,Extenuating Circumstances,3,3c0cd891,COMSC School Handbook 25 26,15.0,,17,- If you are absent for 14 days or more: you will need to apply for an interruption of  study or extenuating circumstanc,0
q051,What should I do if my circumstances prevent me from engaging with studies for more than two weeks?,You may want to apply to take a break from your studies using the Interruption o,Extenuating Circumstances,4,4196cfb4,Extenuating Circumstances Procedure for Taught and Undergraduate Students,16.0,,17,Cardiff University Extenuating Circumstances Procedure v2 09/25  If you are unable to present evidence with your circums,0
q051,What should I do if my circumstances prevent me from engaging with studies for more than two weeks?,You may want to apply to take a break from your studies using the Interruption o,Extenuating Circumstances,5,89f47110,Academic Regulations and Policies Handbook 2025 26 English Nov25,103.0,Interruption of Study Policy (Research Students) ,16,Academic Regulations and Policies Handbook 2025 26 English Nov25 Section 4.2 Interruption of Study Policy (Research Stud,0
q052,How quickly will I receive a decision on my extenuating circumstances declaration?,Your School will communicate a decision as soon as possible. When declaring in a,Extenuating Circumstances,1,11955df7,Extenuating Circumstances Procedure for Taught and Undergraduate Students,10.0,,41,Cardiff University Extenuating Circumstances Procedure v2 09/25  The Extenuating Circumstances Group will meet regularly,1
q052,How quickly will I receive a decision on my extenuating circumstances declaration?,Your School will communicate a decision as soon as possible. When declaring in a,Extenuating Circumstances,2,96a075d0,Extenuating Circumstances Procedure for Taught and Undergraduate Students,8.0,,21,Cardiff University Extenuating Circumstances Procedure v2 09/25  Situation   You are unable to  attend an  examination o,1
q052,How quickly will I receive a decision on my extenuating circumstances declaration?,Your School will communicate a decision as soon as possible. When declaring in a,Extenuating Circumstances,3,70c6dfb4,Academic Regulations and Policies Handbook 2025 26 English Nov25,78.0,The conduct and examining of assessments through the medium of Welsh ,18,Academic Regulations and Policies Handbook 2025 26 English Nov25 Section 2.4 The conduct and examining of assessments th,0
q052,How quickly will I receive a decision on my extenuating circumstances declaration?,Your School will communicate a decision as soon as possible. When declaring in a,Extenuating Circumstances,4,20baf690,COMSC School Handbook 25 26,34.0,Feedback on assessment ,14,COMSC School Handbook 25 26 Section 14.6 Feedback on assessment  doing so. A conversation with your personal tutor or ot,0
q052,How quickly will I receive a decision on my extenuating circumstances declaration?,Your School will communicate a decision as soon as possible. When declaring in a,Extenuating Circumstances,5,5224ec0e,Academic Misconduct Procedure Taught,4.0,"The Chair of the Examining Board will confirm their decision to you, in ",13,"Academic Misconduct Procedure Taught Section 2.11 The Chair of the Examining Board will confirm their decision to you, i",0
q053,What happens if I submit my EC declaration fewer than seven days before the assessment deadline?,You may not receive the outcome on your declaration before the assessment deadli,Extenuating Circumstances,1,11955df7,Extenuating Circumstances Procedure for Taught and Undergraduate Students,10.0,,45,Cardiff University Extenuating Circumstances Procedure v2 09/25  The Extenuating Circumstances Group will meet regularly,1
q053,What happens if I submit my EC declaration fewer than seven days before the assessment deadline?,You may not receive the outcome on your declaration before the assessment deadli,Extenuating Circumstances,2,66620550,Extenuating Circumstances Procedure for Taught and Undergraduate Students,5.0,,21,Cardiff University Extenuating Circumstances Procedure v2 09/25  Examples of circumstances which are not extenuating are,1
q053,What happens if I submit my EC declaration fewer than seven days before the assessment deadline?,You may not receive the outcome on your declaration before the assessment deadli,Extenuating Circumstances,3,074034dc,Extenuating Circumstances Procedure for Taught and Undergraduate Students,18.0,,21,Cardiff University Extenuating Circumstances Procedure v2 09/25  You are not able to  sit/submit an  upcoming  assessmen,0
q053,What happens if I submit my EC declaration fewer than seven days before the assessment deadline?,You may not receive the outcome on your declaration before the assessment deadli,Extenuating Circumstances,4,167f2b32,Academic Regulations and Policies Handbook 2025 26 English Nov25,98.0,An Examining Board may recommend to the Awards and Progress ,16,Academic Regulations and Policies Handbook 2025 26 English Nov25 Section 8.1 An Examining Board may recommend to the Awa,0
q053,What happens if I submit my EC declaration fewer than seven days before the assessment deadline?,You may not receive the outcome on your declaration before the assessment deadli,Extenuating Circumstances,5,5fcc43d5,COMSC School Handbook 25 26,11.0,The purpose of assessment ,15,COMSC School Handbook 25 26 Section 4.5 The purpose of assessment  Assessments allow you to demonstrate your understandi,0
q054,Can I reapply for extenuating circumstances for the same assessment if my first declaration was reje,You cannot reapply for the same assessment unless your circumstances have change,Extenuating Circumstances,1,9fb42f4d,Extenuating Circumstances Procedure for Taught and Undergraduate Students,6.0,,29,Cardiff University Extenuating Circumstances Procedure v2 09/25  If assessments are not completed on time and without ex,1
q054,Can I reapply for extenuating circumstances for the same assessment if my first declaration was reje,You cannot reapply for the same assessment unless your circumstances have change,Extenuating Circumstances,2,cad65109,Extenuating Circumstances Procedure for Taught and Undergraduate Students,3.0,,14,"Cardiff University Extenuating Circumstances Procedure v2 09/25  the University of your circumstances, and to request an",1
q054,Can I reapply for extenuating circumstances for the same assessment if my first declaration was reje,You cannot reapply for the same assessment unless your circumstances have change,Extenuating Circumstances,3,db5119f3,Extenuating Circumstances Procedure for Taught and Undergraduate Students,4.0,What are extenuating circumstances? ,14,Extenuating Circumstances Procedure for Taught and Undergraduate Students Section 1 What are extenuating circumstances? ,0
q054,Can I reapply for extenuating circumstances for the same assessment if my first declaration was reje,You cannot reapply for the same assessment unless your circumstances have change,Extenuating Circumstances,4,11955df7,Extenuating Circumstances Procedure for Taught and Undergraduate Students,10.0,,12,Cardiff University Extenuating Circumstances Procedure v2 09/25  The Extenuating Circumstances Group will meet regularly,0
q054,Can I reapply for extenuating circumstances for the same assessment if my first declaration was reje,You cannot reapply for the same assessment unless your circumstances have change,Extenuating Circumstances,5,6967d9f5,Extenuating Circumstances Procedure for Taught and Undergraduate Students,15.0,,12,Where more than one remedy is available the Group or the  nominated alternate can make the final decision on what remedy,0
q055,How do I declare extenuating circumstances at COMSC?,You should use the online Extenuating Circumstances Declaration Tool. You can al,Extenuating Circumstances,1,f08971d1,COMSC School Handbook 25 26,40.0,Academic Regulations in my School ,31,COMSC School Handbook 25 26 Section 17 Academic Regulations in my School    17.1 Extenuating Circumstances  If you need ,1
q055,How do I declare extenuating circumstances at COMSC?,You should use the online Extenuating Circumstances Declaration Tool. You can al,Extenuating Circumstances,2,76e7b85c,COMSC School Handbook 25 26,37.0,Useful contacts ,27,"COMSC School Handbook 25 26 Section 14.12 Useful contacts  The names, email addresses and telephone numbers of all staff",1
q055,How do I declare extenuating circumstances at COMSC?,You should use the online Extenuating Circumstances Declaration Tool. You can al,Extenuating Circumstances,3,63a5e713,COMSC School Handbook 25 26,28.0,Accessing additional IT support ,19,"COMSC School Handbook 25 26 Section 13.3 Accessing additional IT support  If you have an IT problem or query, please con",0
q055,How do I declare extenuating circumstances at COMSC?,You should use the online Extenuating Circumstances Declaration Tool. You can al,Extenuating Circumstances,4,66620550,Extenuating Circumstances Procedure for Taught and Undergraduate Students,5.0,,17,Cardiff University Extenuating Circumstances Procedure v2 09/25  Examples of circumstances which are not extenuating are,0
q055,How do I declare extenuating circumstances at COMSC?,You should use the online Extenuating Circumstances Declaration Tool. You can al,Extenuating Circumstances,5,08df38cb,Extenuating Circumstances Procedure for Taught and Undergraduate Students,12.0,Support from the University ,17,Extenuating Circumstances Procedure for Taught and Undergraduate Students Section 7 Support from the University  Please ,0
q056,What is the criteria for extenuating circumstances to be considered at Cardiff University?,Your situation must meet all of these criteria: be severe and exceptional; be un,Extenuating Circumstances,1,b133a986,Extenuating Circumstances Procedure for Taught and Undergraduate Students,15.0,,41,Cardiff University Extenuating Circumstances Procedure v2 09/25  Disability  You are disabled under the Equality Act 201,1
q056,What is the criteria for extenuating circumstances to be considered at Cardiff University?,Your situation must meet all of these criteria: be severe and exceptional; be un,Extenuating Circumstances,2,5818818c,COMSC School Handbook 25 26,21.0,,35,"- unforeseen or unavoidable; and  - close in time to the assessment, or where you can demonstrate that the circumstances",1
q056,What is the criteria for extenuating circumstances to be considered at Cardiff University?,Your situation must meet all of these criteria: be severe and exceptional; be un,Extenuating Circumstances,3,db5119f3,Extenuating Circumstances Procedure for Taught and Undergraduate Students,4.0,What are extenuating circumstances? ,35,Extenuating Circumstances Procedure for Taught and Undergraduate Students Section 1 What are extenuating circumstances? ,0
q056,What is the criteria for extenuating circumstances to be considered at Cardiff University?,Your situation must meet all of these criteria: be severe and exceptional; be un,Extenuating Circumstances,4,42a18846,Academic Regulations and Policies Handbook 2025 26 English Nov25,79.0,Extenuating Circumstances ,33,Academic Regulations and Policies Handbook 2025 26 English Nov25 Section 6 Extenuating Circumstances    6.1 The Universi,0
q056,What is the criteria for extenuating circumstances to be considered at Cardiff University?,Your situation must meet all of these criteria: be severe and exceptional; be un,Extenuating Circumstances,5,66620550,Extenuating Circumstances Procedure for Taught and Undergraduate Students,5.0,,27,Cardiff University Extenuating Circumstances Procedure v2 09/25  Examples of circumstances which are not extenuating are,0
q057,What should I do if I am unwell and have an upcoming assessment?,You can use the extenuating circumstances process. You should submit a declarati,Extenuating Circumstances,1,074034dc,Extenuating Circumstances Procedure for Taught and Undergraduate Students,18.0,,16,Cardiff University Extenuating Circumstances Procedure v2 09/25  You are not able to  sit/submit an  upcoming  assessmen,1
q057,What should I do if I am unwell and have an upcoming assessment?,You can use the extenuating circumstances process. You should submit a declarati,Extenuating Circumstances,2,3c0cd891,COMSC School Handbook 25 26,15.0,,14,- If you are absent for 14 days or more: you will need to apply for an interruption of  study or extenuating circumstanc,1
q057,What should I do if I am unwell and have an upcoming assessment?,You can use the extenuating circumstances process. You should submit a declarati,Extenuating Circumstances,3,43518fcb,Academic Regulations and Policies Handbook 2025 26 English Nov25,27.0,,12,"applicant's performance and achievement in terms of their application to  University. Criminal Convictions policy, proce",0
q057,What should I do if I am unwell and have an upcoming assessment?,You can use the extenuating circumstances process. You should submit a declarati,Extenuating Circumstances,4,173fc8c0,COMSC School Handbook 25 26,20.0,Extenuating circumstances ,12,COMSC School Handbook 25 26 Section 9.4 Extenuating circumstances  You are expected to submit all assessments by the pub,0
q057,What should I do if I am unwell and have an upcoming assessment?,You can use the extenuating circumstances process. You should submit a declarati,Extenuating Circumstances,5,f08971d1,COMSC School Handbook 25 26,40.0,Academic Regulations in my School ,12,COMSC School Handbook 25 26 Section 17 Academic Regulations in my School    17.1 Extenuating Circumstances  If you need ,0
q058,What is an Interruption of Study?,An Interruption of Study is an authorised absence from your studies for a period,Extenuating Circumstances,1,4196cfb4,Extenuating Circumstances Procedure for Taught and Undergraduate Students,16.0,,32,Cardiff University Extenuating Circumstances Procedure v2 09/25  If you are unable to present evidence with your circums,1
q058,What is an Interruption of Study?,An Interruption of Study is an authorised absence from your studies for a period,Extenuating Circumstances,2,0d7a43ea,Extenuating Circumstances Procedure for Taught and Undergraduate Students,16.0,,32,Exam or TimeLimited  Assessment  An assessment completed in controlled conditions that lasts up to 48  hours. Group work,1
q058,What is an Interruption of Study?,An Interruption of Study is an authorised absence from your studies for a period,Extenuating Circumstances,3,89f47110,Academic Regulations and Policies Handbook 2025 26 English Nov25,103.0,Interruption of Study Policy (Research Students) ,20,Academic Regulations and Policies Handbook 2025 26 English Nov25 Section 4.2 Interruption of Study Policy (Research Stud,0
q058,What is an Interruption of Study?,An Interruption of Study is an authorised absence from your studies for a period,Extenuating Circumstances,4,3550a855,Academic Regulations and Policies Handbook 2025 26 English Nov25,101.0,Distance learning students are expected to complete online enrolment within ,17,Academic Regulations and Policies Handbook 2025 26 English Nov25 Section 2.4 Distance learning students are expected to ,0
q058,What is an Interruption of Study?,An Interruption of Study is an authorised absence from your studies for a period,Extenuating Circumstances,5,1ca3ba43,Academic Regulations and Policies Handbook 2025 26 English Nov25,103.0,Policies and procedures ,17,Academic Regulations and Policies Handbook 2025 26 English Nov25 Section 4 Policies and procedures    4.1 Interruption o,0
q059,What happens if the University suspects the evidence I provided for extenuating circumstances is not,"The University may take steps to verify the evidence and, if it is found not to ",Extenuating Circumstances,1,4196cfb4,Extenuating Circumstances Procedure for Taught and Undergraduate Students,16.0,,32,Cardiff University Extenuating Circumstances Procedure v2 09/25  If you are unable to present evidence with your circums,1
q059,What happens if the University suspects the evidence I provided for extenuating circumstances is not,"The University may take steps to verify the evidence and, if it is found not to ",Extenuating Circumstances,2,7b06c666,Academic Misconduct Procedure Taught,6.0,"If the case involves 2 students, they may be heard at the same time and by ",16,"Academic Misconduct Procedure Taught Section 3.7 If the case involves 2 students, they may be heard at the same time and",1
q059,What happens if the University suspects the evidence I provided for extenuating circumstances is not,"The University may take steps to verify the evidence and, if it is found not to ",Extenuating Circumstances,3,6c224c5e,Extenuating Circumstances Procedure for Taught and Undergraduate Students,7.0,,12,Cardiff University Extenuating Circumstances Procedure v2 09/25  Reporting extenuating circumstance before an assessment,0
q059,What happens if the University suspects the evidence I provided for extenuating circumstances is not,"The University may take steps to verify the evidence and, if it is found not to ",Extenuating Circumstances,4,447cab7e,Extenuating Circumstances Procedure for Taught and Undergraduate Students,9.0,What your School will do with your declaration of ,12,Extenuating Circumstances Procedure for Taught and Undergraduate Students Section 4 What your School will do with your d,0
q059,What happens if the University suspects the evidence I provided for extenuating circumstances is not,"The University may take steps to verify the evidence and, if it is found not to ",Extenuating Circumstances,5,11955df7,Extenuating Circumstances Procedure for Taught and Undergraduate Students,10.0,,12,Cardiff University Extenuating Circumstances Procedure v2 09/25  The Extenuating Circumstances Group will meet regularly,0
q060,Where can I get independent advice on extenuating circumstances?,"You can access independent, confidential and free advice from Student Advice in ",Extenuating Circumstances,1,665deb9e,Extenuating Circumstances Procedure for Taught and Undergraduate Students,4.0,,40,Cardiff University Extenuating Circumstances Procedure v2 09/25  available to all students of Cardiff University. Inform,1
q060,Where can I get independent advice on extenuating circumstances?,"You can access independent, confidential and free advice from Student Advice in ",Extenuating Circumstances,2,cad65109,Extenuating Circumstances Procedure for Taught and Undergraduate Students,3.0,,21,"Cardiff University Extenuating Circumstances Procedure v2 09/25  the University of your circumstances, and to request an",1
q060,Where can I get independent advice on extenuating circumstances?,"You can access independent, confidential and free advice from Student Advice in ",Extenuating Circumstances,3,4f7d32b2,COMSC School Handbook 25 26,17.0,Student Advice - Students' Union ,20,"COMSC School Handbook 25 26 Section 7.10 Student Advice - Students' Union  Student Advice is a free, confidential, indep",0
q060,Where can I get independent advice on extenuating circumstances?,"You can access independent, confidential and free advice from Student Advice in ",Extenuating Circumstances,4,66620550,Extenuating Circumstances Procedure for Taught and Undergraduate Students,5.0,,19,Cardiff University Extenuating Circumstances Procedure v2 09/25  Examples of circumstances which are not extenuating are,0
q060,Where can I get independent advice on extenuating circumstances?,"You can access independent, confidential and free advice from Student Advice in ",Extenuating Circumstances,5,4196cfb4,Extenuating Circumstances Procedure for Taught and Undergraduate Students,16.0,,19,Cardiff University Extenuating Circumstances Procedure v2 09/25  If you are unable to present evidence with your circums,0
q061,What is plagiarism as defined by Cardiff University?,"Plagiarism is the use of someone else's words, ideas, intellectual property, or ",Academic Integrity/Misconduct,1,e461d360,Academic Integrity Policy,4.0,"Plagiarism: the use of someone else's words, ideas, intellectual ",73,"Academic Integrity Policy Section 2.1 Plagiarism: the use of someone else's words, ideas, intellectual  property, or wor",1
q061,What is plagiarism as defined by Cardiff University?,"Plagiarism is the use of someone else's words, ideas, intellectual property, or ",Academic Integrity/Misconduct,2,40e0c75d,Extenuating Circumstances Procedure for Taught and Undergraduate Students,14.0,,15,Cardiff University Extenuating Circumstances Procedure v2 09/25   students  Students studying with Cardiff University wh,1
q061,What is plagiarism as defined by Cardiff University?,"Plagiarism is the use of someone else's words, ideas, intellectual property, or ",Academic Integrity/Misconduct,3,7c0631a4,Academic Integrity Policy,4.0,"External writing service: the use of an external writing service, for ",12,"Academic Integrity Policy Section 2.3 External writing service: the use of an external writing service, for  example ess",0
q061,What is plagiarism as defined by Cardiff University?,"Plagiarism is the use of someone else's words, ideas, intellectual property, or ",Academic Integrity/Misconduct,4,af3824f2,Academic Misconduct Procedure Taught,2.0,Action will be taken when there is a concern about any academic ,12,Academic Misconduct Procedure Taught Section 2.1 Action will be taken when there is a concern about any academic  miscon,0
q061,What is plagiarism as defined by Cardiff University?,"Plagiarism is the use of someone else's words, ideas, intellectual property, or ",Academic Integrity/Misconduct,5,63a5e713,COMSC School Handbook 25 26,28.0,Accessing additional IT support ,12,"COMSC School Handbook 25 26 Section 13.3 Accessing additional IT support  If you have an IT problem or query, please con",0
q062,What is self-plagiarism?,Self-plagiarism is when work is reproduced or re-presented for assessment when i,Academic Integrity/Misconduct,1,e461d360,Academic Integrity Policy,4.0,"Plagiarism: the use of someone else's words, ideas, intellectual ",33,"Academic Integrity Policy Section 2.1 Plagiarism: the use of someone else's words, ideas, intellectual  property, or wor",1
q062,What is self-plagiarism?,Self-plagiarism is when work is reproduced or re-presented for assessment when i,Academic Integrity/Misconduct,2,6cdf2c67,Academic Regulations and Policies Handbook 2025 26 English Nov25,68.0,"DClinPsy and the DEdPsy students admitted to the part-time, post-qualification ",12,Academic Regulations and Policies Handbook 2025 26 English Nov25 Section 5.5 DClinPsy and the DEdPsy students admitted t,1
q062,What is self-plagiarism?,Self-plagiarism is when work is reproduced or re-presented for assessment when i,Academic Integrity/Misconduct,3,e0727c97,Academic Integrity Policy,6.0,Seeking help from others or helping others: you are encouraged to ,9,Academic Integrity Policy Section 4.1 Seeking help from others or helping others: you are encouraged to  discuss and sha,0
q062,What is self-plagiarism?,Self-plagiarism is when work is reproduced or re-presented for assessment when i,Academic Integrity/Misconduct,4,03fb8978,Academic Regulations and Policies Handbook 2025 26 English Nov25,14.0,Boards of Studies will report to the School Education and Student ,9,Academic Regulations and Policies Handbook 2025 26 English Nov25 Section 4.3.2 Boards of Studies will report to the Scho,0
q062,What is self-plagiarism?,Self-plagiarism is when work is reproduced or re-presented for assessment when i,Academic Integrity/Misconduct,5,903f249a,Academic Regulations and Policies Handbook 2025 26 English Nov25,73.0,A candidate for PhD by Published Works cannot hold a concurrent ,9,Academic Regulations and Policies Handbook 2025 26 English Nov25 Section 3.2 A candidate for PhD by Published Works cann,0
q063,What is collusion as defined in the Academic Integrity Policy?,"Collusion is presenting work as your own when it has been produced by, or with, ",Academic Integrity/Misconduct,1,7c0631a4,Academic Integrity Policy,4.0,"External writing service: the use of an external writing service, for ",31,"Academic Integrity Policy Section 2.3 External writing service: the use of an external writing service, for  example ess",1
q063,What is collusion as defined in the Academic Integrity Policy?,"Collusion is presenting work as your own when it has been produced by, or with, ",Academic Integrity/Misconduct,2,a8e49217,Academic Integrity Policy,5.0,In addition to relevant examples of academic misconduct listed above ,13,"Academic Integrity Policy Section 3.2 In addition to relevant examples of academic misconduct listed above  (plagiarism,",1
q063,What is collusion as defined in the Academic Integrity Policy?,"Collusion is presenting work as your own when it has been produced by, or with, ",Academic Integrity/Misconduct,3,e461d360,Academic Integrity Policy,4.0,"Plagiarism: the use of someone else's words, ideas, intellectual ",12,"Academic Integrity Policy Section 2.1 Plagiarism: the use of someone else's words, ideas, intellectual  property, or wor",0
q063,What is collusion as defined in the Academic Integrity Policy?,"Collusion is presenting work as your own when it has been produced by, or with, ",Academic Integrity/Misconduct,4,0d7a43ea,Extenuating Circumstances Procedure for Taught and Undergraduate Students,16.0,,10,Exam or TimeLimited  Assessment  An assessment completed in controlled conditions that lasts up to 48  hours. Group work,0
q063,What is collusion as defined in the Academic Integrity Policy?,"Collusion is presenting work as your own when it has been produced by, or with, ",Academic Integrity/Misconduct,5,4196cfb4,Extenuating Circumstances Procedure for Taught and Undergraduate Students,16.0,,9,Cardiff University Extenuating Circumstances Procedure v2 09/25  If you are unable to present evidence with your circums,0
q064,What counts as examination misconduct?,Examination misconduct is any action in an examination venue against examination,Academic Integrity/Misconduct,1,0184aa8b,Academic Integrity Policy,5.0,Examination misconduct: any action in an examination venue which ,59,Academic Integrity Policy Section .5 Examination misconduct: any action in an examination venue which  is against examin,1
q064,What counts as examination misconduct?,Examination misconduct is any action in an examination venue against examination,Academic Integrity/Misconduct,2,2216d9ef,Academic Integrity Policy,4.0,Definition of Academic Misconduct ,16,Academic Integrity Policy Section 2 Definition of Academic Misconduct    2.1 When your action(s) or inaction(s) raises a,1
q064,What counts as examination misconduct?,Examination misconduct is any action in an examination venue against examination,Academic Integrity/Misconduct,3,7c003497,Academic Misconduct Procedure Taught,2.0,Examination/ Class Test: where it is alleged that a student cheated ,14,Academic Misconduct Procedure Taught Section 2.1.2 Examination/ Class Test: where it is alleged that a student cheated  ,0
q064,What counts as examination misconduct?,Examination misconduct is any action in an examination venue against examination,Academic Integrity/Misconduct,4,036c7ac7,Academic Integrity Policy,4.0,The relevant Academic Misconduct Procedure will be applied to any student ,10,Academic Integrity Policy Section 1.2 The relevant Academic Misconduct Procedure will be applied to any student  where c,0
q064,What counts as examination misconduct?,Examination misconduct is any action in an examination venue against examination,Academic Integrity/Misconduct,5,36808c2b,Academic Integrity Policy,5.0,Any attempt to gain an unfair advantage in an assessment. ,10,Academic Integrity Policy Section .6 Any attempt to gain an unfair advantage in an assessment.    .7 Dishonesty: when in,0
q065,What is contract cheating according to Cardiff University?,"The use of an external writing service, such as essay banks, essay mills, ghost ",Academic Integrity/Misconduct,1,7c0631a4,Academic Integrity Policy,4.0,"External writing service: the use of an external writing service, for ",36,"Academic Integrity Policy Section 2.3 External writing service: the use of an external writing service, for  example ess",1
q065,What is contract cheating according to Cardiff University?,"The use of an external writing service, such as essay banks, essay mills, ghost ",Academic Integrity/Misconduct,2,128103fd,Academic Misconduct Procedure Taught,7.0,The decision of the panel and how to request a review of the decision will be ,12,Academic Misconduct Procedure Taught Section 3.14 The decision of the panel and how to request a review of the decision ,1
q065,What is contract cheating according to Cardiff University?,"The use of an external writing service, such as essay banks, essay mills, ghost ",Academic Integrity/Misconduct,3,ae25d542,COMSC School Handbook 25 26,21.0,Academic integrity ,11,COMSC School Handbook 25 26 Section 9.5 Academic integrity  It is essential that you understand what academic integrity ,0
q065,What is contract cheating according to Cardiff University?,"The use of an external writing service, such as essay banks, essay mills, ghost ",Academic Integrity/Misconduct,4,2216d9ef,Academic Integrity Policy,4.0,Definition of Academic Misconduct ,9,Academic Integrity Policy Section 2 Definition of Academic Misconduct    2.1 When your action(s) or inaction(s) raises a,0
q065,What is contract cheating according to Cardiff University?,"The use of an external writing service, such as essay banks, essay mills, ghost ",Academic Integrity/Misconduct,5,a8e49217,Academic Integrity Policy,5.0,In addition to relevant examples of academic misconduct listed above ,9,"Academic Integrity Policy Section 3.2 In addition to relevant examples of academic misconduct listed above  (plagiarism,",0
q066,What are the core values Cardiff University expects students to uphold in academic work?,"The University expects students to uphold integrity, honesty, openness, rigour, ",Academic Integrity/Misconduct,1,fa8746bf,Academic Integrity Policy,4.0,The University has fundamental core values that we expect students to ,34,Academic Integrity Policy Section 1.1 The University has fundamental core values that we expect students to  Introductio,1
q066,What are the core values Cardiff University expects students to uphold in academic work?,"The University expects students to uphold integrity, honesty, openness, rigour, ",Academic Integrity/Misconduct,2,a8e49217,Academic Integrity Policy,5.0,In addition to relevant examples of academic misconduct listed above ,11,"Academic Integrity Policy Section 3.2 In addition to relevant examples of academic misconduct listed above  (plagiarism,",1
q066,What are the core values Cardiff University expects students to uphold in academic work?,"The University expects students to uphold integrity, honesty, openness, rigour, ",Academic Integrity/Misconduct,3,fd78a5dd,Academic Integrity Policy,7.0,Referencing: you will be given information on good academic ,11,Academic Integrity Policy Section .2 Referencing: you will be given information on good academic  assessment practice in,0
q066,What are the core values Cardiff University expects students to uphold in academic work?,"The University expects students to uphold integrity, honesty, openness, rigour, ",Academic Integrity/Misconduct,4,654d0bc1,Academic Regulations and Policies Handbook 2025 26 English Nov25,10.0,,11,Student Study and Engagement  - Student Support Intervention Policy and Procedure  Taught students:  - Student Attendanc,0
q066,What are the core values Cardiff University expects students to uphold in academic work?,"The University expects students to uphold integrity, honesty, openness, rigour, ",Academic Integrity/Misconduct,5,bb491ae6,Academic Regulations and Policies Handbook 2025 26 English Nov25,34.0,,11,Taught Programme Regulations      The Regulations for Taught Programmes have been approved by Senate. The  regulations w,0
q067,Can I be penalised for academic misconduct even if I did not intend to cheat?,Yes. Academic misconduct can take place irrespective of whether your actions or ,Academic Integrity/Misconduct,1,2216d9ef,Academic Integrity Policy,4.0,Definition of Academic Misconduct ,38,Academic Integrity Policy Section 2 Definition of Academic Misconduct    2.1 When your action(s) or inaction(s) raises a,1
q067,Can I be penalised for academic misconduct even if I did not intend to cheat?,Yes. Academic misconduct can take place irrespective of whether your actions or ,Academic Integrity/Misconduct,2,36808c2b,Academic Integrity Policy,5.0,Any attempt to gain an unfair advantage in an assessment. ,20,Academic Integrity Policy Section .6 Any attempt to gain an unfair advantage in an assessment.    .7 Dishonesty: when in,1
q067,Can I be penalised for academic misconduct even if I did not intend to cheat?,Yes. Academic misconduct can take place irrespective of whether your actions or ,Academic Integrity/Misconduct,3,036c7ac7,Academic Integrity Policy,4.0,The relevant Academic Misconduct Procedure will be applied to any student ,17,Academic Integrity Policy Section 1.2 The relevant Academic Misconduct Procedure will be applied to any student  where c,0
q067,Can I be penalised for academic misconduct even if I did not intend to cheat?,Yes. Academic misconduct can take place irrespective of whether your actions or ,Academic Integrity/Misconduct,4,06ca637a,Academic Misconduct Procedure Taught,3.0,The extent and nature of the concern and whether the case of ,17,Academic Misconduct Procedure Taught Section 2.7.1 The extent and nature of the concern and whether the case of  miscond,0
q067,Can I be penalised for academic misconduct even if I did not intend to cheat?,Yes. Academic misconduct can take place irrespective of whether your actions or ,Academic Integrity/Misconduct,5,a3e041aa,Academic Regulations and Policies Handbook 2025 26 English Nov25,97.0,The Head of School will appoint an independent reviewer who is ,16,Academic Regulations and Policies Handbook 2025 26 English Nov25 Section 7.8 The Head of School will appoint an independ,0
q068,Who is responsible for ensuring students understand academic integrity?,The Head of School is responsible for ensuring that all students are advised of ,Academic Integrity/Misconduct,1,036c7ac7,Academic Integrity Policy,4.0,The relevant Academic Misconduct Procedure will be applied to any student ,43,Academic Integrity Policy Section 1.2 The relevant Academic Misconduct Procedure will be applied to any student  where c,1
q068,Who is responsible for ensuring students understand academic integrity?,The Head of School is responsible for ensuring that all students are advised of ,Academic Integrity/Misconduct,2,c0bea2f3,Academic Regulations and Policies Handbook 2025 26 English Nov25,35.0,Programme Information ,15,Academic Regulations and Policies Handbook 2025 26 English Nov25 Section 1 Programme Information  Regulations for Modula,1
q068,Who is responsible for ensuring students understand academic integrity?,The Head of School is responsible for ensuring that all students are advised of ,Academic Integrity/Misconduct,3,e48af7a8,Academic Regulations and Policies Handbook 2025 26 English Nov25,102.0,The Chief Financial Officer is responsible for ensuring that students receive ,15,Academic Regulations and Policies Handbook 2025 26 English Nov25 Section 2.8 The Chief Financial Officer is responsible ,0
q068,Who is responsible for ensuring students understand academic integrity?,The Head of School is responsible for ensuring that all students are advised of ,Academic Integrity/Misconduct,4,36808c2b,Academic Integrity Policy,5.0,Any attempt to gain an unfair advantage in an assessment. ,14,Academic Integrity Policy Section .6 Any attempt to gain an unfair advantage in an assessment.    .7 Dishonesty: when in,0
q068,Who is responsible for ensuring students understand academic integrity?,The Head of School is responsible for ensuring that all students are advised of ,Academic Integrity/Misconduct,5,e0727c97,Academic Integrity Policy,6.0,Seeking help from others or helping others: you are encouraged to ,13,Academic Integrity Policy Section 4.1 Seeking help from others or helping others: you are encouraged to  discuss and sha,0
q069,What happens if I am suspected of academic misconduct in coursework?,A report with evidence will be submitted to the School's Academic Misconduct Co-,Academic Integrity/Misconduct,1,af3824f2,Academic Misconduct Procedure Taught,2.0,Action will be taken when there is a concern about any academic ,51,Academic Misconduct Procedure Taught Section 2.1 Action will be taken when there is a concern about any academic  miscon,1
q069,What happens if I am suspected of academic misconduct in coursework?,A report with evidence will be submitted to the School's Academic Misconduct Co-,Academic Integrity/Misconduct,2,7c003497,Academic Misconduct Procedure Taught,2.0,Examination/ Class Test: where it is alleged that a student cheated ,29,Academic Misconduct Procedure Taught Section 2.1.2 Examination/ Class Test: where it is alleged that a student cheated  ,1
q069,What happens if I am suspected of academic misconduct in coursework?,A report with evidence will be submitted to the School's Academic Misconduct Co-,Academic Integrity/Misconduct,3,df6841f1,Academic Misconduct Procedure Taught,3.0,"For all types of concerns about academic misconduct, the Academic ",20,"Academic Misconduct Procedure Taught Section 2.3 For all types of concerns about academic misconduct, the Academic  Inve",0
q069,What happens if I am suspected of academic misconduct in coursework?,A report with evidence will be submitted to the School's Academic Misconduct Co-,Academic Integrity/Misconduct,4,06ca637a,Academic Misconduct Procedure Taught,3.0,The extent and nature of the concern and whether the case of ,17,Academic Misconduct Procedure Taught Section 2.7.1 The extent and nature of the concern and whether the case of  miscond,0
q069,What happens if I am suspected of academic misconduct in coursework?,A report with evidence will be submitted to the School's Academic Misconduct Co-,Academic Integrity/Misconduct,5,52e50d72,Academic Misconduct Procedure Taught,6.0,The panel will then withdraw to consider all the evidence and make a ,17,Academic Misconduct Procedure Taught Section 3.10 The panel will then withdraw to consider all the evidence and make a  ,0
q070,How much notice will I receive before an academic misconduct investigation meeting?,You will be given 14 days' notice of investigation meetings and will be provided,Academic Integrity/Misconduct,1,df6841f1,Academic Misconduct Procedure Taught,3.0,"For all types of concerns about academic misconduct, the Academic ",38,"Academic Misconduct Procedure Taught Section 2.3 For all types of concerns about academic misconduct, the Academic  Inve",1
q070,How much notice will I receive before an academic misconduct investigation meeting?,You will be given 14 days' notice of investigation meetings and will be provided,Academic Integrity/Misconduct,2,1ba3ead2,Academic Misconduct Procedure Taught,5.0,The Secretary will notify the panel members of the details meeting and send ,15,Academic Misconduct Procedure Taught Section 3.5 The Secretary will notify the panel members of the details meeting and ,1
q070,How much notice will I receive before an academic misconduct investigation meeting?,You will be given 14 days' notice of investigation meetings and will be provided,Academic Integrity/Misconduct,3,20baf690,COMSC School Handbook 25 26,34.0,Feedback on assessment ,14,COMSC School Handbook 25 26 Section 14.6 Feedback on assessment  doing so. A conversation with your personal tutor or ot,0
q070,How much notice will I receive before an academic misconduct investigation meeting?,You will be given 14 days' notice of investigation meetings and will be provided,Academic Integrity/Misconduct,4,0355ccb8,Academic Misconduct Procedure Taught,3.0,If you want to dispute the concern at this stage and/or if you have comments ,12,Academic Misconduct Procedure Taught Section 2.7 If you want to dispute the concern at this stage and/or if you have com,0
q070,How much notice will I receive before an academic misconduct investigation meeting?,You will be given 14 days' notice of investigation meetings and will be provided,Academic Integrity/Misconduct,5,d9c60ed9,Academic Regulations and Policies Handbook 2025 26 English Nov25,28.0,,11,Student and applicant data protection notice: sets out how we deal with  the personal information of people who are appl,0
q071,Can I bring someone to support me at an academic misconduct investigation meeting?,Yes. You can ask a member of the Students' Union Student Advice or a professiona,Academic Integrity/Misconduct,1,f87f5b26,Academic Misconduct Procedure Taught,3.0,"Within 7 days, you should respond and agree to attend the meeting or ",40,"Academic Misconduct Procedure Taught Section 2.4 Within 7 days, you should respond and agree to attend the meeting or  p",1
q071,Can I bring someone to support me at an academic misconduct investigation meeting?,Yes. You can ask a member of the Students' Union Student Advice or a professiona,Academic Integrity/Misconduct,2,63baf6e6,Academic Misconduct Procedure Taught,5.0,You must reply within 7 days if you intend to attend. You must send any ,24,Academic Misconduct Procedure Taught Section 3.4 You must reply within 7 days if you intend to attend. You must send any,1
q071,Can I bring someone to support me at an academic misconduct investigation meeting?,Yes. You can ask a member of the Students' Union Student Advice or a professiona,Academic Integrity/Misconduct,3,460bfc79,COMSC School Handbook 25 26,38.0,Making the most of your student experience ,20,COMSC School Handbook 25 26 Section 15 Making the most of your student experience    15.1 Student Voice - Student-Staff ,0
q071,Can I bring someone to support me at an academic misconduct investigation meeting?,Yes. You can ask a member of the Students' Union Student Advice or a professiona,Academic Integrity/Misconduct,4,83ee7c3f,COMSC School Handbook 25 26,6.0,Students' Union ,17,COMSC School Handbook 25 26 Section 2.3 Students' Union  Cardiff Students' Union (CSU) is at the heart of Cardiff studen,0
q071,Can I bring someone to support me at an academic misconduct investigation meeting?,Yes. You can ask a member of the Students' Union Student Advice or a professiona,Academic Integrity/Misconduct,5,cad65109,Extenuating Circumstances Procedure for Taught and Undergraduate Students,3.0,,17,"Cardiff University Extenuating Circumstances Procedure v2 09/25  the University of your circumstances, and to request an",0
q072,What happens if I do not respond to the academic misconduct meeting invitation?,"If you do not respond or provide a written response, the concern will be conside",Academic Integrity/Misconduct,1,00267e6f,Academic Misconduct Procedure Taught,3.0,"If you do not respond to the meeting invitation, or provide a written response, ",32,"Academic Misconduct Procedure Taught Section 2.5 If you do not respond to the meeting invitation, or provide a written r",1
q072,What happens if I do not respond to the academic misconduct meeting invitation?,"If you do not respond or provide a written response, the concern will be conside",Academic Integrity/Misconduct,2,f87f5b26,Academic Misconduct Procedure Taught,3.0,"Within 7 days, you should respond and agree to attend the meeting or ",16,"Academic Misconduct Procedure Taught Section 2.4 Within 7 days, you should respond and agree to attend the meeting or  p",1
q072,What happens if I do not respond to the academic misconduct meeting invitation?,"If you do not respond or provide a written response, the concern will be conside",Academic Integrity/Misconduct,3,0355ccb8,Academic Misconduct Procedure Taught,3.0,If you want to dispute the concern at this stage and/or if you have comments ,15,Academic Misconduct Procedure Taught Section 2.7 If you want to dispute the concern at this stage and/or if you have com,0
q072,What happens if I do not respond to the academic misconduct meeting invitation?,"If you do not respond or provide a written response, the concern will be conside",Academic Integrity/Misconduct,4,ff07300d,Academic Regulations and Policies Handbook 2025 26 English Nov25,98.0,"Where the examiners have recommended that an aegrotat award be made, ",10,Academic Regulations and Policies Handbook 2025 26 English Nov25 Section 7.12 Where the examiners have recommended that ,0
q072,What happens if I do not respond to the academic misconduct meeting invitation?,"If you do not respond or provide a written response, the concern will be conside",Academic Integrity/Misconduct,5,6e118b11,COMSC School Handbook 25 26,10.0,,10,holidays)You can also email IT support for non-urgent enquiries. We cannot respond  within one working day. Call us if y,0
q073,What sanctions can the Chair of the Examining Board impose for academic misconduct?,The Chair can: dismiss the concern; require study skills sessions; award a mark ,Academic Integrity/Misconduct,1,4f792163,Academic Misconduct Procedure Taught,6.0,"If the allegation is not substantiated, the panel will dismiss the concern. ",40,"Academic Misconduct Procedure Taught Section 3.11 If the allegation is not substantiated, the panel will dismiss the con",1
q073,What sanctions can the Chair of the Examining Board impose for academic misconduct?,The Chair can: dismiss the concern; require study skills sessions; award a mark ,Academic Integrity/Misconduct,2,dcf88489,Academic Misconduct Procedure Taught,4.0,Refer to the University Academic Integrity Panel who will normally meet ,27,Academic Misconduct Procedure Taught Section .5 Refer to the University Academic Integrity Panel who will normally meet ,1
q073,What sanctions can the Chair of the Examining Board impose for academic misconduct?,The Chair can: dismiss the concern; require study skills sessions; award a mark ,Academic Integrity/Misconduct,3,16b302d3,Academic Misconduct Procedure Taught,4.0,Dismiss the concern. At the Chair's discretion study skills can be ,24,Academic Misconduct Procedure Taught Section .1 Dismiss the concern. At the Chair's discretion study skills can be  plac,0
q073,What sanctions can the Chair of the Examining Board impose for academic misconduct?,The Chair can: dismiss the concern; require study skills sessions; award a mark ,Academic Integrity/Misconduct,4,c7e9e36d,Academic Misconduct Procedure Taught,4.0,The Chair of the Examining Board may refer the case to the University ,21,Academic Misconduct Procedure Taught Section 2.10 The Chair of the Examining Board may refer the case to the University ,0
q073,What sanctions can the Chair of the Examining Board impose for academic misconduct?,The Chair can: dismiss the concern; require study skills sessions; award a mark ,Academic Integrity/Misconduct,5,adfb7bb9,Academic Misconduct Procedure Taught,4.0,Award a mark of 0 for the assessment and require you to complete study ,20,Academic Misconduct Procedure Taught Section .3 Award a mark of 0 for the assessment and require you to complete study  ,0
q074,When can a case be referred to the University Academic Integrity Panel?,The Chair of the Examining Board may refer the case to the Panel where: the sanc,Academic Integrity/Misconduct,1,c7e9e36d,Academic Misconduct Procedure Taught,4.0,The Chair of the Examining Board may refer the case to the University ,55,Academic Misconduct Procedure Taught Section 2.10 The Chair of the Examining Board may refer the case to the University ,1
q074,When can a case be referred to the University Academic Integrity Panel?,The Chair of the Examining Board may refer the case to the Panel where: the sanc,Academic Integrity/Misconduct,2,06ca637a,Academic Misconduct Procedure Taught,3.0,The extent and nature of the concern and whether the case of ,26,Academic Misconduct Procedure Taught Section 2.7.1 The extent and nature of the concern and whether the case of  miscond,1
q074,When can a case be referred to the University Academic Integrity Panel?,The Chair of the Examining Board may refer the case to the Panel where: the sanc,Academic Integrity/Misconduct,3,b133a986,Extenuating Circumstances Procedure for Taught and Undergraduate Students,15.0,,25,Cardiff University Extenuating Circumstances Procedure v2 09/25  Disability  You are disabled under the Equality Act 201,0
q074,When can a case be referred to the University Academic Integrity Panel?,The Chair of the Examining Board may refer the case to the Panel where: the sanc,Academic Integrity/Misconduct,4,cad65109,Extenuating Circumstances Procedure for Taught and Undergraduate Students,3.0,,22,"Cardiff University Extenuating Circumstances Procedure v2 09/25  the University of your circumstances, and to request an",0
q074,When can a case be referred to the University Academic Integrity Panel?,The Chair of the Examining Board may refer the case to the Panel where: the sanc,Academic Integrity/Misconduct,5,074034dc,Extenuating Circumstances Procedure for Taught and Undergraduate Students,18.0,,22,Cardiff University Extenuating Circumstances Procedure v2 09/25  You are not able to  sit/submit an  upcoming  assessmen,0
q075,Who sits on the University Academic Integrity Panel?,The panel is made up of 3 members of academic staff trained in the procedure. An,Academic Integrity/Misconduct,1,62727ca4,Academic Misconduct Procedure Taught,5.0,Stage 2 - University Academic Integrity Panel ,33,Academic Misconduct Procedure Taught Section 3 Stage 2 - University Academic Integrity Panel    3.1 The panel will be ma,1
q075,Who sits on the University Academic Integrity Panel?,The panel is made up of 3 members of academic staff trained in the procedure. An,Academic Integrity/Misconduct,2,b133a986,Extenuating Circumstances Procedure for Taught and Undergraduate Students,15.0,,19,Cardiff University Extenuating Circumstances Procedure v2 09/25  Disability  You are disabled under the Equality Act 201,1
q075,Who sits on the University Academic Integrity Panel?,The panel is made up of 3 members of academic staff trained in the procedure. An,Academic Integrity/Misconduct,3,dcf88489,Academic Misconduct Procedure Taught,4.0,Refer to the University Academic Integrity Panel who will normally meet ,18,Academic Misconduct Procedure Taught Section .5 Refer to the University Academic Integrity Panel who will normally meet ,0
q075,Who sits on the University Academic Integrity Panel?,The panel is made up of 3 members of academic staff trained in the procedure. An,Academic Integrity/Misconduct,4,63baf6e6,Academic Misconduct Procedure Taught,5.0,You must reply within 7 days if you intend to attend. You must send any ,17,Academic Misconduct Procedure Taught Section 3.4 You must reply within 7 days if you intend to attend. You must send any,0
q075,Who sits on the University Academic Integrity Panel?,The panel is made up of 3 members of academic staff trained in the procedure. An,Academic Integrity/Misconduct,5,ead5cf4c,Academic Misconduct Procedure Taught,6.0,The Chair of the Examining Board/Academic Misconduct Investigator (or ,17,Academic Misconduct Procedure Taught Section 3.8 The Chair of the Examining Board/Academic Misconduct Investigator (or  ,0
q076,What is the most severe sanction the Academic Integrity Panel can recommend?,The Panel can recommend to the Vice-Chancellor that the student is excluded from,Academic Integrity/Misconduct,1,222ccbc8,Academic Misconduct Procedure Taught,7.0,Recommend to the Vice-Chancellor that you are excluded from the ,51,Academic Misconduct Procedure Taught Section .8 Recommend to the Vice-Chancellor that you are excluded from the  program,1
q076,What is the most severe sanction the Academic Integrity Panel can recommend?,The Panel can recommend to the Vice-Chancellor that the student is excluded from,Academic Integrity/Misconduct,2,535abdf2,Academic Regulations and Policies Handbook 2025 26 English Nov25,87.0,If a student is prevented by illness or other medical reasons from completing ,17,Academic Regulations and Policies Handbook 2025 26 English Nov25 Section 13.1 If a student is prevented by illness or ot,1
q076,What is the most severe sanction the Academic Integrity Panel can recommend?,The Panel can recommend to the Vice-Chancellor that the student is excluded from,Academic Integrity/Misconduct,3,167f2b32,Academic Regulations and Policies Handbook 2025 26 English Nov25,98.0,An Examining Board may recommend to the Awards and Progress ,17,Academic Regulations and Policies Handbook 2025 26 English Nov25 Section 8.1 An Examining Board may recommend to the Awa,0
q076,What is the most severe sanction the Academic Integrity Panel can recommend?,The Panel can recommend to the Vice-Chancellor that the student is excluded from,Academic Integrity/Misconduct,4,d2bdf1e3,COMSC School Handbook 25 26,23.0,Requesting a reference ,15,COMSC School Handbook 25 26 Section 10.5 Requesting a reference  If you require a reference for an application for a job,0
q076,What is the most severe sanction the Academic Integrity Panel can recommend?,The Panel can recommend to the Vice-Chancellor that the student is excluded from,Academic Integrity/Misconduct,5,a45846a6,COMSC School Handbook 25 26,36.0,Additional Information for Integrated Degree Students ,15,COMSC School Handbook 25 26 Section 14.11 Additional Information for Integrated Degree Students  The weighting of the MS,0
q077,Will a note of academic misconduct be placed on my record?,"Yes. If a penalty is applied, a note will be placed on your academic record for ",Academic Integrity/Misconduct,1,5224ec0e,Academic Misconduct Procedure Taught,4.0,"The Chair of the Examining Board will confirm their decision to you, in ",47,"Academic Misconduct Procedure Taught Section 2.11 The Chair of the Examining Board will confirm their decision to you, i",1
q077,Will a note of academic misconduct be placed on my record?,"Yes. If a penalty is applied, a note will be placed on your academic record for ",Academic Integrity/Misconduct,2,222ccbc8,Academic Misconduct Procedure Taught,7.0,Recommend to the Vice-Chancellor that you are excluded from the ,47,Academic Misconduct Procedure Taught Section .8 Recommend to the Vice-Chancellor that you are excluded from the  program,1
q077,Will a note of academic misconduct be placed on my record?,"Yes. If a penalty is applied, a note will be placed on your academic record for ",Academic Integrity/Misconduct,3,00267e6f,Academic Misconduct Procedure Taught,3.0,"If you do not respond to the meeting invitation, or provide a written response, ",12,"Academic Misconduct Procedure Taught Section 2.5 If you do not respond to the meeting invitation, or provide a written r",0
q077,Will a note of academic misconduct be placed on my record?,"Yes. If a penalty is applied, a note will be placed on your academic record for ",Academic Integrity/Misconduct,4,1ba3ead2,Academic Misconduct Procedure Taught,5.0,The Secretary will notify the panel members of the details meeting and send ,11,Academic Misconduct Procedure Taught Section 3.5 The Secretary will notify the panel members of the details meeting and ,0
q077,Will a note of academic misconduct be placed on my record?,"Yes. If a penalty is applied, a note will be placed on your academic record for ",Academic Integrity/Misconduct,5,52e50d72,Academic Misconduct Procedure Taught,6.0,The panel will then withdraw to consider all the evidence and make a ,11,Academic Misconduct Procedure Taught Section 3.10 The panel will then withdraw to consider all the evidence and make a  ,0
q078,Can I request a review of an academic misconduct decision?,Yes. You can request a review under the University Review Procedure. The request,Academic Integrity/Misconduct,1,62641412,Academic Misconduct Procedure Taught,8.0,Request for Review ,41,Academic Misconduct Procedure Taught Section 5 Request for Review  will conduct an investigation and submit a report and,1
q078,Can I request a review of an academic misconduct decision?,Yes. You can request a review under the University Review Procedure. The request,Academic Integrity/Misconduct,2,11955df7,Extenuating Circumstances Procedure for Taught and Undergraduate Students,10.0,,27,Cardiff University Extenuating Circumstances Procedure v2 09/25  The Extenuating Circumstances Group will meet regularly,1
q078,Can I request a review of an academic misconduct decision?,Yes. You can request a review under the University Review Procedure. The request,Academic Integrity/Misconduct,3,128103fd,Academic Misconduct Procedure Taught,7.0,The decision of the panel and how to request a review of the decision will be ,20,Academic Misconduct Procedure Taught Section 3.14 The decision of the panel and how to request a review of the decision ,0
q078,Can I request a review of an academic misconduct decision?,Yes. You can request a review under the University Review Procedure. The request,Academic Integrity/Misconduct,4,63baf6e6,Academic Misconduct Procedure Taught,5.0,You must reply within 7 days if you intend to attend. You must send any ,18,Academic Misconduct Procedure Taught Section 3.4 You must reply within 7 days if you intend to attend. You must send any,0
q078,Can I request a review of an academic misconduct decision?,Yes. You can request a review under the University Review Procedure. The request,Academic Integrity/Misconduct,5,52e50d72,Academic Misconduct Procedure Taught,6.0,The panel will then withdraw to consider all the evidence and make a ,18,Academic Misconduct Procedure Taught Section 3.10 The panel will then withdraw to consider all the evidence and make a  ,0
q079,What happens if I am caught cheating during an examination?,You will be allowed to continue with the examination and any other planned exami,Academic Integrity/Misconduct,1,7c003497,Academic Misconduct Procedure Taught,2.0,Examination/ Class Test: where it is alleged that a student cheated ,55,Academic Misconduct Procedure Taught Section 2.1.2 Examination/ Class Test: where it is alleged that a student cheated  ,1
q079,What happens if I am caught cheating during an examination?,You will be allowed to continue with the examination and any other planned exami,Academic Integrity/Misconduct,2,11955df7,Extenuating Circumstances Procedure for Taught and Undergraduate Students,10.0,,19,Cardiff University Extenuating Circumstances Procedure v2 09/25  The Extenuating Circumstances Group will meet regularly,1
q079,What happens if I am caught cheating during an examination?,You will be allowed to continue with the examination and any other planned exami,Academic Integrity/Misconduct,3,b133a986,Extenuating Circumstances Procedure for Taught and Undergraduate Students,15.0,,18,Cardiff University Extenuating Circumstances Procedure v2 09/25  Disability  You are disabled under the Equality Act 201,0
q079,What happens if I am caught cheating during an examination?,You will be allowed to continue with the examination and any other planned exami,Academic Integrity/Misconduct,4,0e3def0a,Academic Regulations and Policies Handbook 2025 26 English Nov25,80.0,If the assessment is submitted more than 24 hours after the ,16,Academic Regulations and Policies Handbook 2025 26 English Nov25 Section 7.2 If the assessment is submitted more than 24,0
q079,What happens if I am caught cheating during an examination?,You will be allowed to continue with the examination and any other planned exami,Academic Integrity/Misconduct,5,167f2b32,Academic Regulations and Policies Handbook 2025 26 English Nov25,98.0,An Examining Board may recommend to the Awards and Progress ,16,Academic Regulations and Policies Handbook 2025 26 English Nov25 Section 8.1 An Examining Board may recommend to the Awa,0
q080,What is the standard of proof used in academic misconduct decisions?,The Chair of the Examining Board's decision is made on the balance of probabilit,Academic Integrity/Misconduct,1,06ca637a,Academic Misconduct Procedure Taught,3.0,The extent and nature of the concern and whether the case of ,23,Academic Misconduct Procedure Taught Section 2.7.1 The extent and nature of the concern and whether the case of  miscond,1
q080,What is the standard of proof used in academic misconduct decisions?,The Chair of the Examining Board's decision is made on the balance of probabilit,Academic Integrity/Misconduct,2,2807c508,Academic Regulations and Policies Handbook 2025 26 English Nov25,88.0,Posthumous Awards - Taught Programmes ,16,Academic Regulations and Policies Handbook 2025 26 English Nov25 Section 14 Posthumous Awards - Taught Programmes    14.,1
q080,What is the standard of proof used in academic misconduct decisions?,The Chair of the Examining Board's decision is made on the balance of probabilit,Academic Integrity/Misconduct,3,5224ec0e,Academic Misconduct Procedure Taught,4.0,"The Chair of the Examining Board will confirm their decision to you, in ",14,"Academic Misconduct Procedure Taught Section 2.11 The Chair of the Examining Board will confirm their decision to you, i",0
q080,What is the standard of proof used in academic misconduct decisions?,The Chair of the Examining Board's decision is made on the balance of probabilit,Academic Integrity/Misconduct,4,a5b24c46,Academic Regulations and Policies Handbook 2025 26 English Nov25,87.0,An Examining Board recommending the award of an Aegrotat award must ,13,Academic Regulations and Policies Handbook 2025 26 English Nov25 Section 13.2 An Examining Board recommending the award ,0
q080,What is the standard of proof used in academic misconduct decisions?,The Chair of the Examining Board's decision is made on the balance of probabilit,Academic Integrity/Misconduct,5,37a3bb6e,Academic Regulations and Policies Handbook 2025 26 English Nov25,108.0,If you have a disability and require adjustments to this Regulation and ,13,Academic Regulations and Policies Handbook 2025 26 English Nov25 Section 1.6 If you have a disability and require adjust,0
q081,What does fabrication mean in the context of research misconduct?,"Fabrication includes the creation of false data or other aspects of research, in",Academic Integrity/Misconduct,1,a8e49217,Academic Integrity Policy,5.0,In addition to relevant examples of academic misconduct listed above ,36,"Academic Integrity Policy Section 3.2 In addition to relevant examples of academic misconduct listed above  (plagiarism,",1
q081,What does fabrication mean in the context of research misconduct?,"Fabrication includes the creation of false data or other aspects of research, in",Academic Integrity/Misconduct,2,f36d37b3,Academic Integrity Policy,6.0,,13,- Mismanagement or inadequate preservation of data and/or primary  materials - non-compliance with University and/or fun,1
q081,What does fabrication mean in the context of research misconduct?,"Fabrication includes the creation of false data or other aspects of research, in",Academic Integrity/Misconduct,3,40e0c75d,Extenuating Circumstances Procedure for Taught and Undergraduate Students,14.0,,9,Cardiff University Extenuating Circumstances Procedure v2 09/25   students  Students studying with Cardiff University wh,0
q081,What does fabrication mean in the context of research misconduct?,"Fabrication includes the creation of false data or other aspects of research, in",Academic Integrity/Misconduct,4,fa8746bf,Academic Integrity Policy,4.0,The University has fundamental core values that we expect students to ,8,Academic Integrity Policy Section 1.1 The University has fundamental core values that we expect students to  Introductio,0
q081,What does fabrication mean in the context of research misconduct?,"Fabrication includes the creation of false data or other aspects of research, in",Academic Integrity/Misconduct,5,36808c2b,Academic Integrity Policy,5.0,Any attempt to gain an unfair advantage in an assessment. ,8,Academic Integrity Policy Section .6 Any attempt to gain an unfair advantage in an assessment.    .7 Dishonesty: when in,0
q082,What does falsification mean in the context of research misconduct?,"Falsification includes the inappropriate manipulation and/or selection of data, ",Academic Integrity/Misconduct,1,a8e49217,Academic Integrity Policy,5.0,In addition to relevant examples of academic misconduct listed above ,48,"Academic Integrity Policy Section 3.2 In addition to relevant examples of academic misconduct listed above  (plagiarism,",1
q082,What does falsification mean in the context of research misconduct?,"Falsification includes the inappropriate manipulation and/or selection of data, ",Academic Integrity/Misconduct,2,f36d37b3,Academic Integrity Policy,6.0,,10,- Mismanagement or inadequate preservation of data and/or primary  materials - non-compliance with University and/or fun,1
q082,What does falsification mean in the context of research misconduct?,"Falsification includes the inappropriate manipulation and/or selection of data, ",Academic Integrity/Misconduct,3,bb491ae6,Academic Regulations and Policies Handbook 2025 26 English Nov25,34.0,,7,Taught Programme Regulations      The Regulations for Taught Programmes have been approved by Senate. The  regulations w,0
q082,What does falsification mean in the context of research misconduct?,"Falsification includes the inappropriate manipulation and/or selection of data, ",Academic Integrity/Misconduct,4,b385c394,Academic Regulations and Policies Handbook 2025 26 English Nov25,63.0,,7,Research Programmes  Research Degree Regulations        Institutional Oversight  The Research Degree Regulations have be,0
q082,What does falsification mean in the context of research misconduct?,"Falsification includes the inappropriate manipulation and/or selection of data, ",Academic Integrity/Misconduct,5,6cdf2c67,Academic Regulations and Policies Handbook 2025 26 English Nov25,68.0,"DClinPsy and the DEdPsy students admitted to the part-time, post-qualification ",7,Academic Regulations and Policies Handbook 2025 26 English Nov25 Section 5.5 DClinPsy and the DEdPsy students admitted t,0
q083,What referencing format does Cardiff University recommend?,Cardiff University recommends that students use the Harvard referencing format w,Academic Integrity/Misconduct,1,9b8307ad,COMSC School Handbook 25 26,41.0,,26,Cardiff University recommends that students use the Harvard referencing format when writing  coursework for all modules.,1
q083,What referencing format does Cardiff University recommend?,Cardiff University recommends that students use the Harvard referencing format w,Academic Integrity/Misconduct,2,af3824f2,Academic Misconduct Procedure Taught,2.0,Action will be taken when there is a concern about any academic ,10,Academic Misconduct Procedure Taught Section 2.1 Action will be taken when there is a concern about any academic  miscon,1
q083,What referencing format does Cardiff University recommend?,Cardiff University recommends that students use the Harvard referencing format w,Academic Integrity/Misconduct,3,20baf690,COMSC School Handbook 25 26,34.0,Feedback on assessment ,10,COMSC School Handbook 25 26 Section 14.6 Feedback on assessment  doing so. A conversation with your personal tutor or ot,0
q083,What referencing format does Cardiff University recommend?,Cardiff University recommends that students use the Harvard referencing format w,Academic Integrity/Misconduct,4,c53b9048,Academic Regulations and Policies Handbook 2025 26 English Nov25,83.0,,9,".10  confirm whether or not a student shall be awarded the intended  award for the programme;  .11  confirm, where appro",0
q083,What referencing format does Cardiff University recommend?,Cardiff University recommends that students use the Harvard referencing format w,Academic Integrity/Misconduct,5,e461d360,Academic Integrity Policy,4.0,"Plagiarism: the use of someone else's words, ideas, intellectual ",7,"Academic Integrity Policy Section 2.1 Plagiarism: the use of someone else's words, ideas, intellectual  property, or wor",0
q084,What tools does the University use to detect academic misconduct?,The University uses a range of different tools and techniques to identify academ,Academic Integrity/Misconduct,1,ae25d542,COMSC School Handbook 25 26,21.0,Academic integrity ,37,COMSC School Handbook 25 26 Section 9.5 Academic integrity  It is essential that you understand what academic integrity ,1
q084,What tools does the University use to detect academic misconduct?,The University uses a range of different tools and techniques to identify academ,Academic Integrity/Misconduct,2,af3824f2,Academic Misconduct Procedure Taught,2.0,Action will be taken when there is a concern about any academic ,24,Academic Misconduct Procedure Taught Section 2.1 Action will be taken when there is a concern about any academic  miscon,1
q084,What tools does the University use to detect academic misconduct?,The University uses a range of different tools and techniques to identify academ,Academic Integrity/Misconduct,3,62727ca4,Academic Misconduct Procedure Taught,5.0,Stage 2 - University Academic Integrity Panel ,18,Academic Misconduct Procedure Taught Section 3 Stage 2 - University Academic Integrity Panel    3.1 The panel will be ma,0
q084,What tools does the University use to detect academic misconduct?,The University uses a range of different tools and techniques to identify academ,Academic Integrity/Misconduct,4,e594a019,COMSC School Handbook 25 26,9.0,Library services ,18,COMSC School Handbook 25 26 Section 3.7 Library services  and with the range of policies and procedures that underpin th,0
q084,What tools does the University use to detect academic misconduct?,The University uses a range of different tools and techniques to identify academ,Academic Integrity/Misconduct,5,177df05b,Academic Integrity Policy,3.0,,14,The Student Conduct Regulations have been approved by Senate. The regulations  will be kept under regular review to ensu,0
q085,What happens if I help another student commit academic misconduct?,"Students who assist others to commit academic misconduct, whether or not for pay",Academic Integrity/Misconduct,1,e0727c97,Academic Integrity Policy,6.0,Seeking help from others or helping others: you are encouraged to ,62,Academic Integrity Policy Section 4.1 Seeking help from others or helping others: you are encouraged to  discuss and sha,1
q085,What happens if I help another student commit academic misconduct?,"Students who assist others to commit academic misconduct, whether or not for pay",Academic Integrity/Misconduct,2,ae25d542,COMSC School Handbook 25 26,21.0,Academic integrity ,19,COMSC School Handbook 25 26 Section 9.5 Academic integrity  It is essential that you understand what academic integrity ,1
q085,What happens if I help another student commit academic misconduct?,"Students who assist others to commit academic misconduct, whether or not for pay",Academic Integrity/Misconduct,3,af3824f2,Academic Misconduct Procedure Taught,2.0,Action will be taken when there is a concern about any academic ,17,Academic Misconduct Procedure Taught Section 2.1 Action will be taken when there is a concern about any academic  miscon,0
q085,What happens if I help another student commit academic misconduct?,"Students who assist others to commit academic misconduct, whether or not for pay",Academic Integrity/Misconduct,4,11955df7,Extenuating Circumstances Procedure for Taught and Undergraduate Students,10.0,,16,Cardiff University Extenuating Circumstances Procedure v2 09/25  The Extenuating Circumstances Group will meet regularly,0
q085,What happens if I help another student commit academic misconduct?,"Students who assist others to commit academic misconduct, whether or not for pay",Academic Integrity/Misconduct,5,40e0c75d,Extenuating Circumstances Procedure for Taught and Undergraduate Students,14.0,,16,Cardiff University Extenuating Circumstances Procedure v2 09/25   students  Students studying with Cardiff University wh,0
q086,Where can I find guidance on academic integrity at Cardiff University?,"You can find guidance on artificial intelligence, academic integrity, contract c",Academic Integrity/Misconduct,1,ae25d542,COMSC School Handbook 25 26,21.0,Academic integrity ,67,COMSC School Handbook 25 26 Section 9.5 Academic integrity  It is essential that you understand what academic integrity ,1
q086,Where can I find guidance on academic integrity at Cardiff University?,"You can find guidance on artificial intelligence, academic integrity, contract c",Academic Integrity/Misconduct,2,567d9418,COMSC School Handbook 25 26,40.0,Academic Integrity ,30,COMSC School Handbook 25 26 Section 17.2 Academic Integrity  Please refer to the following guidance:    Cardiff Universi,1
q086,Where can I find guidance on academic integrity at Cardiff University?,"You can find guidance on artificial intelligence, academic integrity, contract c",Academic Integrity/Misconduct,3,ac78dd97,Academic Integrity Policy,6.0,How to Maintain Academic Integrity and Avoid Academic Misconduct ,24,Academic Integrity Policy Section 4 How to Maintain Academic Integrity and Avoid Academic Misconduct    4.1 The Universi,0
q086,Where can I find guidance on academic integrity at Cardiff University?,"You can find guidance on artificial intelligence, academic integrity, contract c",Academic Integrity/Misconduct,4,e7f56a1c,Academic Regulations and Policies Handbook 2025 26 English Nov25,34.0,,21,"e. As students move through their learning journey, they are given the opportunity  and support to transition effectivel",0
q086,Where can I find guidance on academic integrity at Cardiff University?,"You can find guidance on artificial intelligence, academic integrity, contract c",Academic Integrity/Misconduct,5,177df05b,Academic Integrity Policy,3.0,,18,The Student Conduct Regulations have been approved by Senate. The regulations  will be kept under regular review to ensu,0
q087,How quickly will the Academic Integrity Panel normally meet after a referral?,The Panel will normally meet within 42 days of the referral being made.,Academic Integrity/Misconduct,1,dcf88489,Academic Misconduct Procedure Taught,4.0,Refer to the University Academic Integrity Panel who will normally meet ,27,Academic Misconduct Procedure Taught Section .5 Refer to the University Academic Integrity Panel who will normally meet ,1
q087,How quickly will the Academic Integrity Panel normally meet after a referral?,The Panel will normally meet within 42 days of the referral being made.,Academic Integrity/Misconduct,2,63baf6e6,Academic Misconduct Procedure Taught,5.0,You must reply within 7 days if you intend to attend. You must send any ,14,Academic Misconduct Procedure Taught Section 3.4 You must reply within 7 days if you intend to attend. You must send any,1
q087,How quickly will the Academic Integrity Panel normally meet after a referral?,The Panel will normally meet within 42 days of the referral being made.,Academic Integrity/Misconduct,3,11955df7,Extenuating Circumstances Procedure for Taught and Undergraduate Students,10.0,,14,Cardiff University Extenuating Circumstances Procedure v2 09/25  The Extenuating Circumstances Group will meet regularly,0
q087,How quickly will the Academic Integrity Panel normally meet after a referral?,The Panel will normally meet within 42 days of the referral being made.,Academic Integrity/Misconduct,4,460bfc79,COMSC School Handbook 25 26,38.0,Making the most of your student experience ,12,COMSC School Handbook 25 26 Section 15 Making the most of your student experience    15.1 Student Voice - Student-Staff ,0
q087,How quickly will the Academic Integrity Panel normally meet after a referral?,The Panel will normally meet within 42 days of the referral being made.,Academic Integrity/Misconduct,5,52e50d72,Academic Misconduct Procedure Taught,6.0,The panel will then withdraw to consider all the evidence and make a ,11,Academic Misconduct Procedure Taught Section 3.10 The panel will then withdraw to consider all the evidence and make a  ,0
q088,Can the Academic Integrity Panel handle cases involving two students at once?,"Yes. If the case involves 2 students, they may be heard at the same time and by ",Academic Integrity/Misconduct,1,7b06c666,Academic Misconduct Procedure Taught,6.0,"If the case involves 2 students, they may be heard at the same time and by ",30,"Academic Misconduct Procedure Taught Section 3.7 If the case involves 2 students, they may be heard at the same time and",1
q088,Can the Academic Integrity Panel handle cases involving two students at once?,"Yes. If the case involves 2 students, they may be heard at the same time and by ",Academic Integrity/Misconduct,2,128103fd,Academic Misconduct Procedure Taught,7.0,The decision of the panel and how to request a review of the decision will be ,15,Academic Misconduct Procedure Taught Section 3.14 The decision of the panel and how to request a review of the decision ,1
q088,Can the Academic Integrity Panel handle cases involving two students at once?,"Yes. If the case involves 2 students, they may be heard at the same time and by ",Academic Integrity/Misconduct,3,11955df7,Extenuating Circumstances Procedure for Taught and Undergraduate Students,10.0,,14,Cardiff University Extenuating Circumstances Procedure v2 09/25  The Extenuating Circumstances Group will meet regularly,0
q088,Can the Academic Integrity Panel handle cases involving two students at once?,"Yes. If the case involves 2 students, they may be heard at the same time and by ",Academic Integrity/Misconduct,4,63baf6e6,Academic Misconduct Procedure Taught,5.0,You must reply within 7 days if you intend to attend. You must send any ,11,Academic Misconduct Procedure Taught Section 3.4 You must reply within 7 days if you intend to attend. You must send any,0
q088,Can the Academic Integrity Panel handle cases involving two students at once?,"Yes. If the case involves 2 students, they may be heard at the same time and by ",Academic Integrity/Misconduct,5,62727ca4,Academic Misconduct Procedure Taught,5.0,Stage 2 - University Academic Integrity Panel ,10,Academic Misconduct Procedure Taught Section 3 Stage 2 - University Academic Integrity Panel    3.1 The panel will be ma,0
q089,What happens if academic misconduct is discovered after a degree has been awarded?,The relevant Head of School will conduct an investigation and submit a report an,Academic Integrity/Misconduct,1,62641412,Academic Misconduct Procedure Taught,8.0,Request for Review ,26,Academic Misconduct Procedure Taught Section 5 Request for Review  will conduct an investigation and submit a report and,1
q089,What happens if academic misconduct is discovered after a degree has been awarded?,The relevant Head of School will conduct an investigation and submit a report an,Academic Integrity/Misconduct,2,167f2b32,Academic Regulations and Policies Handbook 2025 26 English Nov25,98.0,An Examining Board may recommend to the Awards and Progress ,23,Academic Regulations and Policies Handbook 2025 26 English Nov25 Section 8.1 An Examining Board may recommend to the Awa,1
q089,What happens if academic misconduct is discovered after a degree has been awarded?,The relevant Head of School will conduct an investigation and submit a report an,Academic Integrity/Misconduct,3,ff07300d,Academic Regulations and Policies Handbook 2025 26 English Nov25,98.0,"Where the examiners have recommended that an aegrotat award be made, ",19,Academic Regulations and Policies Handbook 2025 26 English Nov25 Section 7.12 Where the examiners have recommended that ,0
q089,What happens if academic misconduct is discovered after a degree has been awarded?,The relevant Head of School will conduct an investigation and submit a report an,Academic Integrity/Misconduct,4,128103fd,Academic Misconduct Procedure Taught,7.0,The decision of the panel and how to request a review of the decision will be ,14,Academic Misconduct Procedure Taught Section 3.14 The decision of the panel and how to request a review of the decision ,0
q089,What happens if academic misconduct is discovered after a degree has been awarded?,The relevant Head of School will conduct an investigation and submit a report an,Academic Integrity/Misconduct,5,03fb8978,Academic Regulations and Policies Handbook 2025 26 English Nov25,14.0,Boards of Studies will report to the School Education and Student ,13,Academic Regulations and Policies Handbook 2025 26 English Nov25 Section 4.3.2 Boards of Studies will report to the Scho,0
q090,Are honest errors in research interpretation considered misconduct?,No. Honest errors and differences in interpretations do not constitute research ,Academic Integrity/Misconduct,1,e49f2dab,Academic Integrity Policy,6.0,Any misconduct during research activity that is not dealt with by the relevant ,34,Academic Integrity Policy Section 3.3 Any misconduct during research activity that is not dealt with by the relevant  Ac,1
q090,Are honest errors in research interpretation considered misconduct?,No. Honest errors and differences in interpretations do not constitute research ,Academic Integrity/Misconduct,2,a8e49217,Academic Integrity Policy,5.0,In addition to relevant examples of academic misconduct listed above ,9,"Academic Integrity Policy Section 3.2 In addition to relevant examples of academic misconduct listed above  (plagiarism,",1
q090,Are honest errors in research interpretation considered misconduct?,No. Honest errors and differences in interpretations do not constitute research ,Academic Integrity/Misconduct,3,fa8746bf,Academic Integrity Policy,4.0,The University has fundamental core values that we expect students to ,8,Academic Integrity Policy Section 1.1 The University has fundamental core values that we expect students to  Introductio,0
q090,Are honest errors in research interpretation considered misconduct?,No. Honest errors and differences in interpretations do not constitute research ,Academic Integrity/Misconduct,4,36808c2b,Academic Integrity Policy,5.0,Any attempt to gain an unfair advantage in an assessment. ,8,Academic Integrity Policy Section .6 Any attempt to gain an unfair advantage in an assessment.    .7 Dishonesty: when in,0
q090,Are honest errors in research interpretation considered misconduct?,No. Honest errors and differences in interpretations do not constitute research ,Academic Integrity/Misconduct,5,654d0bc1,Academic Regulations and Policies Handbook 2025 26 English Nov25,10.0,,8,Student Study and Engagement  - Student Support Intervention Policy and Procedure  Taught students:  - Student Attendanc,0
q091,How is the overall degree result calculated for MSc programmes at COMSC?,"For MSc programmes, the taught stage contributes 50% and the dissertation stage ",General Academic Regulations,1,bd2642dc,COMSC School Handbook 25 26,30.0,How your degree works ,27,COMSC School Handbook 25 26 Section 14 How your degree works    14.1 Calculation of Overall Degree Results  Your degree ,1
q091,How is the overall degree result calculated for MSc programmes at COMSC?,"For MSc programmes, the taught stage contributes 50% and the dissertation stage ",General Academic Regulations,2,06d95062,Academic Regulations and Policies Handbook 2025 26 English Nov25,53.0,Stage ,17,Academic Regulations and Policies Handbook 2025 26 English Nov25 Section 1 Stage  Progression Exam Board  at the end of ,1
q091,How is the overall degree result calculated for MSc programmes at COMSC?,"For MSc programmes, the taught stage contributes 50% and the dissertation stage ",General Academic Regulations,3,32b08416,Academic Regulations and Policies Handbook 2025 26 English Nov25,81.0,The Marking and Moderation Policy will specify further information regarding ,17,Academic Regulations and Policies Handbook 2025 26 English Nov25 Section 9.6 The Marking and Moderation Policy will spec,0
q091,How is the overall degree result calculated for MSc programmes at COMSC?,"For MSc programmes, the taught stage contributes 50% and the dissertation stage ",General Academic Regulations,4,9b476049,Academic Regulations and Policies Handbook 2025 26 English Nov25,60.0,"For each postgraduate taught programme, one of the below classification ",15,"Academic Regulations and Policies Handbook 2025 26 English Nov25 Section 5.25 For each postgraduate taught programme, on",0
q091,How is the overall degree result calculated for MSc programmes at COMSC?,"For MSc programmes, the taught stage contributes 50% and the dissertation stage ",General Academic Regulations,5,45cd67a7,COMSC School Handbook 25 26,33.0,Progression ,15,COMSC School Handbook 25 26 Section 14.5.4 Progression  Note: this simplified guidance is to be read in conjunction with,0
q092,How is the overall degree result calculated for MSc programmes with a placement at COMSC?,"For MSc programmes with Placement or Professional Placement Year, the taught mod",General Academic Regulations,1,bd2642dc,COMSC School Handbook 25 26,30.0,How your degree works ,31,COMSC School Handbook 25 26 Section 14 How your degree works    14.1 Calculation of Overall Degree Results  Your degree ,1
q092,How is the overall degree result calculated for MSc programmes with a placement at COMSC?,"For MSc programmes with Placement or Professional Placement Year, the taught mod",General Academic Regulations,2,9b476049,Academic Regulations and Policies Handbook 2025 26 English Nov25,60.0,"For each postgraduate taught programme, one of the below classification ",21,"Academic Regulations and Policies Handbook 2025 26 English Nov25 Section 5.25 For each postgraduate taught programme, on",1
q092,How is the overall degree result calculated for MSc programmes with a placement at COMSC?,"For MSc programmes with Placement or Professional Placement Year, the taught mod",General Academic Regulations,3,32c438f0,Academic Regulations and Policies Handbook 2025 26 English Nov25,40.0,"To progress to the next stage of their programme, students must have ",19,Academic Regulations and Policies Handbook 2025 26 English Nov25 Section 4.7 To progress to the next stage of their prog,0
q092,How is the overall degree result calculated for MSc programmes with a placement at COMSC?,"For MSc programmes with Placement or Professional Placement Year, the taught mod",General Academic Regulations,4,c097c6fd,Academic Regulations and Policies Handbook 2025 26 English Nov25,41.0,,19,At the end  of level 5  240 credits  (including 120 at level 5 or  above)  210 credits  (including 90 at level 5 or  abo,0
q092,How is the overall degree result calculated for MSc programmes with a placement at COMSC?,"For MSc programmes with Placement or Professional Placement Year, the taught mod",General Academic Regulations,5,45cd67a7,COMSC School Handbook 25 26,33.0,Progression ,18,COMSC School Handbook 25 26 Section 14.5.4 Progression  Note: this simplified guidance is to be read in conjunction with,0
q093,What percentage does Year 2 contribute to the BSc Computer Science degree at COMSC?,Year 2 contributes 30% to the BSc Computer Science degree.,General Academic Regulations,1,bd2642dc,COMSC School Handbook 25 26,30.0,How your degree works ,22,COMSC School Handbook 25 26 Section 14 How your degree works    14.1 Calculation of Overall Degree Results  Your degree ,1
q093,What percentage does Year 2 contribute to the BSc Computer Science degree at COMSC?,Year 2 contributes 30% to the BSc Computer Science degree.,General Academic Regulations,2,a45846a6,COMSC School Handbook 25 26,36.0,Additional Information for Integrated Degree Students ,21,COMSC School Handbook 25 26 Section 14.11 Additional Information for Integrated Degree Students  The weighting of the MS,1
q093,What percentage does Year 2 contribute to the BSc Computer Science degree at COMSC?,Year 2 contributes 30% to the BSc Computer Science degree.,General Academic Regulations,3,3527b566,COMSC School Handbook 25 26,24.0,Welcome to the School of Computer Science and Informatics ,13,COMSC School Handbook 25 26 Section 12 Welcome to the School of Computer Science and Informatics  You are part of a vibr,0
q093,What percentage does Year 2 contribute to the BSc Computer Science degree at COMSC?,Year 2 contributes 30% to the BSc Computer Science degree.,General Academic Regulations,4,76e7b85c,COMSC School Handbook 25 26,37.0,Useful contacts ,13,"COMSC School Handbook 25 26 Section 14.12 Useful contacts  The names, email addresses and telephone numbers of all staff",0
q093,What percentage does Year 2 contribute to the BSc Computer Science degree at COMSC?,Year 2 contributes 30% to the BSc Computer Science degree.,General Academic Regulations,5,ef137b6c,COMSC School Handbook 25 26,39.0,Course-Based Societies ,13,COMSC School Handbook 25 26 Section 15.4 Course-Based Societies  Please refer to the Student Union Society page.  16 Sup,0
q094,What percentage does Year 3 contribute to the BSc Computer Science degree at COMSC?,Year 3 contributes 70% to the BSc Computer Science degree.,General Academic Regulations,1,bd2642dc,COMSC School Handbook 25 26,30.0,How your degree works ,22,COMSC School Handbook 25 26 Section 14 How your degree works    14.1 Calculation of Overall Degree Results  Your degree ,1
q094,What percentage does Year 3 contribute to the BSc Computer Science degree at COMSC?,Year 3 contributes 70% to the BSc Computer Science degree.,General Academic Regulations,2,a45846a6,COMSC School Handbook 25 26,36.0,Additional Information for Integrated Degree Students ,21,COMSC School Handbook 25 26 Section 14.11 Additional Information for Integrated Degree Students  The weighting of the MS,1
q094,What percentage does Year 3 contribute to the BSc Computer Science degree at COMSC?,Year 3 contributes 70% to the BSc Computer Science degree.,General Academic Regulations,3,3527b566,COMSC School Handbook 25 26,24.0,Welcome to the School of Computer Science and Informatics ,13,COMSC School Handbook 25 26 Section 12 Welcome to the School of Computer Science and Informatics  You are part of a vibr,0
q094,What percentage does Year 3 contribute to the BSc Computer Science degree at COMSC?,Year 3 contributes 70% to the BSc Computer Science degree.,General Academic Regulations,4,76e7b85c,COMSC School Handbook 25 26,37.0,Useful contacts ,13,"COMSC School Handbook 25 26 Section 14.12 Useful contacts  The names, email addresses and telephone numbers of all staff",0
q094,What percentage does Year 3 contribute to the BSc Computer Science degree at COMSC?,Year 3 contributes 70% to the BSc Computer Science degree.,General Academic Regulations,5,ef137b6c,COMSC School Handbook 25 26,39.0,Course-Based Societies ,13,COMSC School Handbook 25 26 Section 15.4 Course-Based Societies  Please refer to the Student Union Society page.  16 Sup,0
q095,Does Year 1 count towards the undergraduate degree classification at COMSC?,"No. For undergraduate degrees, the marks for the first year are excluded from th",General Academic Regulations,1,bd2642dc,COMSC School Handbook 25 26,30.0,How your degree works ,25,COMSC School Handbook 25 26 Section 14 How your degree works    14.1 Calculation of Overall Degree Results  Your degree ,1
q095,Does Year 1 count towards the undergraduate degree classification at COMSC?,"No. For undergraduate degrees, the marks for the first year are excluded from th",General Academic Regulations,2,361cede5,Academic Regulations and Policies Handbook 2025 26 English Nov25,46.0,Undergraduate students registered on Programmes that include a Year of ,15,Academic Regulations and Policies Handbook 2025 26 English Nov25 Section 4.21 Undergraduate students registered on Progr,1
q095,Does Year 1 count towards the undergraduate degree classification at COMSC?,"No. For undergraduate degrees, the marks for the first year are excluded from th",General Academic Regulations,3,ec31a80c,Academic Regulations and Policies Handbook 2025 26 English Nov25,32.0,"The credit level is an indicator of the relative demand, complexity, and depth ",12,Academic Regulations and Policies Handbook 2025 26 English Nov25 Section 1.5 The credit level is an indicator of the rel,0
q095,Does Year 1 count towards the undergraduate degree classification at COMSC?,"No. For undergraduate degrees, the marks for the first year are excluded from th",General Academic Regulations,4,e36e0870,Academic Regulations and Policies Handbook 2025 26 English Nov25,47.0,,12,1-year (Intercalated Degree) programmes and where students transfer to  Cardiff University direct to the final year of u,0
q095,Does Year 1 count towards the undergraduate degree classification at COMSC?,"No. For undergraduate degrees, the marks for the first year are excluded from th",General Academic Regulations,5,efc317e1,Academic Regulations and Policies Handbook 2025 26 English Nov25,49.0,"Where programmes offer level 6 modules in year 2, the level 5 weighting ",12,Academic Regulations and Policies Handbook 2025 26 English Nov25 Section 1 Where programmes offer level 6 modules in yea,0
q096,What final mark is needed for a Distinction in a postgraduate taught degree?,A final mark of 70% or above is needed for a Distinction.,General Academic Regulations,1,b7f3534a,Academic Regulations and Policies Handbook 2025 26 English Nov25,61.0,The overall classification for a student will be determined by applying the ,15,Academic Regulations and Policies Handbook 2025 26 English Nov25 Section 5.26 The overall classification for a student w,1
q096,What final mark is needed for a Distinction in a postgraduate taught degree?,A final mark of 70% or above is needed for a Distinction.,General Academic Regulations,2,1b13d795,Academic Regulations and Policies Handbook 2025 26 English Nov25,61.0,"In addition to the provisions of 5.26 above the following apply, with the ",14,Academic Regulations and Policies Handbook 2025 26 English Nov25 Section 5.27 In addition to the provisions of 5.26 abov,1
q096,What final mark is needed for a Distinction in a postgraduate taught degree?,A final mark of 70% or above is needed for a Distinction.,General Academic Regulations,3,86b99d15,Academic Regulations and Policies Handbook 2025 26 English Nov25,50.0,Classification is not available for the following awards: ,12,Academic Regulations and Policies Handbook 2025 26 English Nov25 Section 4.25 Classification is not available for the fo,0
q096,What final mark is needed for a Distinction in a postgraduate taught degree?,A final mark of 70% or above is needed for a Distinction.,General Academic Regulations,4,ab8a1301,Academic Regulations and Policies Handbook 2025 26 English Nov25,51.0,,11,"- Students who achieve a final mark of 48% or 49% will be awarded a  degree classification of Second Class Honours, Divi",0
q096,What final mark is needed for a Distinction in a postgraduate taught degree?,A final mark of 70% or above is needed for a Distinction.,General Academic Regulations,5,9b476049,Academic Regulations and Policies Handbook 2025 26 English Nov25,60.0,"For each postgraduate taught programme, one of the below classification ",11,"Academic Regulations and Policies Handbook 2025 26 English Nov25 Section 5.25 For each postgraduate taught programme, on",0
q097,What final mark is needed for a Merit in a postgraduate taught degree?,A final mark of 60% to less than 70% is needed for a Merit.,General Academic Regulations,1,b7f3534a,Academic Regulations and Policies Handbook 2025 26 English Nov25,61.0,The overall classification for a student will be determined by applying the ,15,Academic Regulations and Policies Handbook 2025 26 English Nov25 Section 5.26 The overall classification for a student w,1
q097,What final mark is needed for a Merit in a postgraduate taught degree?,A final mark of 60% to less than 70% is needed for a Merit.,General Academic Regulations,2,1b13d795,Academic Regulations and Policies Handbook 2025 26 English Nov25,61.0,"In addition to the provisions of 5.26 above the following apply, with the ",14,Academic Regulations and Policies Handbook 2025 26 English Nov25 Section 5.27 In addition to the provisions of 5.26 abov,1
q097,What final mark is needed for a Merit in a postgraduate taught degree?,A final mark of 60% to less than 70% is needed for a Merit.,General Academic Regulations,3,86b99d15,Academic Regulations and Policies Handbook 2025 26 English Nov25,50.0,Classification is not available for the following awards: ,12,Academic Regulations and Policies Handbook 2025 26 English Nov25 Section 4.25 Classification is not available for the fo,0
q097,What final mark is needed for a Merit in a postgraduate taught degree?,A final mark of 60% to less than 70% is needed for a Merit.,General Academic Regulations,4,7f2f2e1b,Academic Regulations and Policies Handbook 2025 26 English Nov25,62.0,,12,module mark of 70% or more in modules at level 7 to the value of at  least 60 credits.  - Students who achieve a final m,0
q097,What final mark is needed for a Merit in a postgraduate taught degree?,A final mark of 60% to less than 70% is needed for a Merit.,General Academic Regulations,5,ab8a1301,Academic Regulations and Policies Handbook 2025 26 English Nov25,51.0,,11,"- Students who achieve a final mark of 48% or 49% will be awarded a  degree classification of Second Class Honours, Divi",0
q098,Is the CM2305 Group Project module a required module for progression?,Yes. CM2305 'Group Project' is a Required module for all second-year diets in wh,General Academic Regulations,1,41858bcc,COMSC School Handbook 25 26,33.0,COMSC additional Progression Rules ,40,"COMSC School Handbook 25 26 Section 14.5.5 COMSC additional Progression Rules  In addition to those outlined above, and ",1
q098,Is the CM2305 Group Project module a required module for progression?,Yes. CM2305 'Group Project' is a Required module for all second-year diets in wh,General Academic Regulations,2,c0c1e4a6,Academic Regulations and Policies Handbook 2025 26 English Nov25,6.0,August 2025 ,17,Academic Regulations and Policies Handbook 2025 26 English Nov25 Section 1 August 2025  Regulations for  Modular  Taught,1
q098,Is the CM2305 Group Project module a required module for progression?,Yes. CM2305 'Group Project' is a Required module for all second-year diets in wh,General Academic Regulations,3,361cede5,Academic Regulations and Policies Handbook 2025 26 English Nov25,46.0,Undergraduate students registered on Programmes that include a Year of ,16,Academic Regulations and Policies Handbook 2025 26 English Nov25 Section 4.21 Undergraduate students registered on Progr,0
q098,Is the CM2305 Group Project module a required module for progression?,Yes. CM2305 'Group Project' is a Required module for all second-year diets in wh,General Academic Regulations,4,c097c6fd,Academic Regulations and Policies Handbook 2025 26 English Nov25,41.0,,14,At the end  of level 5  240 credits  (including 120 at level 5 or  above)  210 credits  (including 90 at level 5 or  abo,0
q098,Is the CM2305 Group Project module a required module for progression?,Yes. CM2305 'Group Project' is a Required module for all second-year diets in wh,General Academic Regulations,5,b2dfb334,Academic Regulations and Policies Handbook 2025 26 English Nov25,42.0,,14,(All credits required).  (Students can carry 30 failed  credits).  At the end  of level 4  120 credits at level 4 or  ab,0
q099,What is condonement in the academic regulations?,Condonement is when an Examining Board awards a student credit in failed module(,General Academic Regulations,1,7690cd99,Academic Regulations and Policies Handbook 2025 26 English Nov25,85.0,The quorum for Examining Boards will be when the Chair is satisfied that an ,45,Academic Regulations and Policies Handbook 2025 26 English Nov25 Section 11.7 The quorum for Examining Boards will be wh,1
q099,What is condonement in the academic regulations?,Condonement is when an Examining Board awards a student credit in failed module(,General Academic Regulations,2,361cede5,Academic Regulations and Policies Handbook 2025 26 English Nov25,46.0,Undergraduate students registered on Programmes that include a Year of ,26,Academic Regulations and Policies Handbook 2025 26 English Nov25 Section 4.21 Undergraduate students registered on Progr,1
q099,What is condonement in the academic regulations?,Condonement is when an Examining Board awards a student credit in failed module(,General Academic Regulations,3,4351bd92,Academic Regulations and Policies Handbook 2025 26 English Nov25,86.0,"Where a Professional, Statutory, or Regulatory Body does not permit ",24,"Academic Regulations and Policies Handbook 2025 26 English Nov25 Section 11.11.4 Where a Professional, Statutory, or Reg",0
q099,What is condonement in the academic regulations?,Condonement is when an Examining Board awards a student credit in failed module(,General Academic Regulations,4,32c438f0,Academic Regulations and Policies Handbook 2025 26 English Nov25,40.0,"To progress to the next stage of their programme, students must have ",23,Academic Regulations and Policies Handbook 2025 26 English Nov25 Section 4.7 To progress to the next stage of their prog,0
q099,What is condonement in the academic regulations?,Condonement is when an Examining Board awards a student credit in failed module(,General Academic Regulations,5,4c2354ea,Academic Regulations and Policies Handbook 2025 26 English Nov25,45.0,An Examining Board must permit a student to be re-assessed or to progress ,23,Academic Regulations and Policies Handbook 2025 26 English Nov25 Section 4.18 An Examining Board must permit a student t,0
q100,Can condonement be applied to required modules?,No. Condonement will not operate in Required Modules.,General Academic Regulations,1,0f8aae40,Academic Regulations and Policies Handbook 2025 26 English Nov25,86.0,Condonement will not operate: ,15,Academic Regulations and Policies Handbook 2025 26 English Nov25 Section 11.11 Condonement will not operate:  .1  where ,1
q100,Can condonement be applied to required modules?,No. Condonement will not operate in Required Modules.,General Academic Regulations,2,7690cd99,Academic Regulations and Policies Handbook 2025 26 English Nov25,85.0,The quorum for Examining Boards will be when the Chair is satisfied that an ,12,Academic Regulations and Policies Handbook 2025 26 English Nov25 Section 11.7 The quorum for Examining Boards will be wh,1
q100,Can condonement be applied to required modules?,No. Condonement will not operate in Required Modules.,General Academic Regulations,3,5359e9a3,Academic Regulations and Policies Handbook 2025 26 English Nov25,86.0,Condonement will not be applied for modules affected by extenuating ,9,Academic Regulations and Policies Handbook 2025 26 English Nov25 Section 11.10 Condonement will not be applied for modul,0
q100,Can condonement be applied to required modules?,No. Condonement will not operate in Required Modules.,General Academic Regulations,4,23884688,Academic Regulations and Policies Handbook 2025 26 English Nov25,35.0,The programme information will include the following information: ,8,Academic Regulations and Policies Handbook 2025 26 English Nov25 Section 1.2 The programme information will include the ,0
q100,Can condonement be applied to required modules?,No. Condonement will not operate in Required Modules.,General Academic Regulations,5,128aba41,Academic Regulations and Policies Handbook 2025 26 English Nov25,36.0,"Within each stage of a programme, a diet of approved modules must be ",8,"Academic Regulations and Policies Handbook 2025 26 English Nov25 Section 2.4 Within each stage of a programme, a diet of",0
q101,How many credits can be condoned in a single stage for a Master's programme?,"A maximum of 30 credits can be condoned in 1 stage, and a maximum of 30 credits ",General Academic Regulations,1,e1cf7776,Academic Regulations and Policies Handbook 2025 26 English Nov25,52.0,"For postgraduate programmes introduced, or revalidated from 2023-2024 ",21,"Academic Regulations and Policies Handbook 2025 26 English Nov25 Section 1 For postgraduate programmes introduced, or re",1
q101,How many credits can be condoned in a single stage for a Master's programme?,"A maximum of 30 credits can be condoned in 1 stage, and a maximum of 30 credits ",General Academic Regulations,2,34722264,Academic Regulations and Policies Handbook 2025 26 English Nov25,52.0,The stages and duration of modular taught postgraduate degree ,21,Academic Regulations and Policies Handbook 2025 26 English Nov25 Section 5.3 The stages and duration of modular taught p,1
q101,How many credits can be condoned in a single stage for a Master's programme?,"A maximum of 30 credits can be condoned in 1 stage, and a maximum of 30 credits ",General Academic Regulations,3,06d95062,Academic Regulations and Policies Handbook 2025 26 English Nov25,53.0,Stage ,21,Academic Regulations and Policies Handbook 2025 26 English Nov25 Section 1 Stage  Progression Exam Board  at the end of ,0
q101,How many credits can be condoned in a single stage for a Master's programme?,"A maximum of 30 credits can be condoned in 1 stage, and a maximum of 30 credits ",General Academic Regulations,4,edaa4781,Academic Regulations and Policies Handbook 2025 26 English Nov25,54.0,,21,Master's  Dissertation submission at  26 weeks from enrolment  to the Dissertation Stage    Award Exam Board at the  end,0
q101,How many credits can be condoned in a single stage for a Master's programme?,"A maximum of 30 credits can be condoned in 1 stage, and a maximum of 30 credits ",General Academic Regulations,5,42956a0e,Academic Regulations and Policies Handbook 2025 26 English Nov25,55.0,The due date for submission of the Dissertation for Master's ,21,Academic Regulations and Policies Handbook 2025 26 English Nov25 Section 5.4.5 The due date for submission of the Disser,0
q102,What is the time limit for completing a programme at Cardiff University?,The time-limit for a student to complete their Programme is no more than 2 years,General Academic Regulations,1,228f8aa5,Academic Regulations and Policies Handbook 2025 26 English Nov25,39.0,The time-limit for a student to complete their Programme is no more than 2 ,15,Academic Regulations and Policies Handbook 2025 26 English Nov25 Section 4.5 The time-limit for a student to complete th,1
q102,What is the time limit for completing a programme at Cardiff University?,The time-limit for a student to complete their Programme is no more than 2 years,General Academic Regulations,2,8279ebbf,Academic Regulations and Policies Handbook 2025 26 English Nov25,55.0,The time-limit for a student to complete their Programme is no more than 2 ,15,Academic Regulations and Policies Handbook 2025 26 English Nov25 Section 5.4 The time-limit for a student to complete th,1
q102,What is the time limit for completing a programme at Cardiff University?,The time-limit for a student to complete their Programme is no more than 2 years,General Academic Regulations,3,64c2888a,Academic Regulations and Policies Handbook 2025 26 English Nov25,96.0,,9,- The candidate will be approved for the award upon completion of  corrections and amendments.  The candidate is require,0
q102,What is the time limit for completing a programme at Cardiff University?,The time-limit for a student to complete their Programme is no more than 2 years,General Academic Regulations,4,b133a986,Extenuating Circumstances Procedure for Taught and Undergraduate Students,15.0,,8,Cardiff University Extenuating Circumstances Procedure v2 09/25  Disability  You are disabled under the Equality Act 201,0
q102,What is the time limit for completing a programme at Cardiff University?,The time-limit for a student to complete their Programme is no more than 2 years,General Academic Regulations,5,7265c144,Academic Regulations and Policies Handbook 2025 26 English Nov25,39.0,Five-year undergraduate integrated Master's programmes with a year of ,7,Academic Regulations and Policies Handbook 2025 26 English Nov25 Section 4.3 Five-year undergraduate integrated Master's,0
q103,What happens if an undergraduate student fails one or more modules on 3 occasions?,The student will be excluded from the programme.,General Academic Regulations,1,4c2354ea,Academic Regulations and Policies Handbook 2025 26 English Nov25,45.0,An Examining Board must permit a student to be re-assessed or to progress ,7,Academic Regulations and Policies Handbook 2025 26 English Nov25 Section 4.18 An Examining Board must permit a student t,1
q103,What happens if an undergraduate student fails one or more modules on 3 occasions?,The student will be excluded from the programme.,General Academic Regulations,2,6d0eb928,Academic Regulations and Policies Handbook 2025 26 English Nov25,59.0,An Examining Board must permit a student to be re-assessed or to progress ,6,Academic Regulations and Policies Handbook 2025 26 English Nov25 Section 5.17 An Examining Board must permit a student t,1
q103,What happens if an undergraduate student fails one or more modules on 3 occasions?,The student will be excluded from the programme.,General Academic Regulations,3,bd2642dc,COMSC School Handbook 25 26,30.0,How your degree works ,4,COMSC School Handbook 25 26 Section 14 How your degree works    14.1 Calculation of Overall Degree Results  Your degree ,0
q103,What happens if an undergraduate student fails one or more modules on 3 occasions?,The student will be excluded from the programme.,General Academic Regulations,4,7776541f,Academic Misconduct Procedure Taught,7.0,Require you to be reassessed in a module or unit of study before ,3,Academic Misconduct Procedure Taught Section .5 Require you to be reassessed in a module or unit of study before  progre,0
q103,What happens if an undergraduate student fails one or more modules on 3 occasions?,The student will be excluded from the programme.,General Academic Regulations,5,222ccbc8,Academic Misconduct Procedure Taught,7.0,Recommend to the Vice-Chancellor that you are excluded from the ,3,Academic Misconduct Procedure Taught Section .8 Recommend to the Vice-Chancellor that you are excluded from the  program,0
q104,How many credits are required for a Master's Degree at Cardiff University?,"A Master's Degree requires a total of 180 credits, with at least 150 credits at ",General Academic Regulations,1,0520c02d,Academic Regulations and Policies Handbook 2025 26 English Nov25,56.0,,19,Progression rule 1 (3  stage programmes)  (All credits required)  Progression rule 2 (2  stage programmes)  (All credits,1
q104,How many credits are required for a Master's Degree at Cardiff University?,"A Master's Degree requires a total of 180 credits, with at least 150 credits at ",General Academic Regulations,2,54b9e5f0,Academic Regulations and Policies Handbook 2025 26 English Nov25,59.0,"Where a student has failed their dissertation (including failure by nonsubmission), they will be permitted one opportunity for resubmission w",19,Academic Regulations and Policies Handbook 2025 26 English Nov25 Section 5.20 Where a student has failed their dissertat,1
q104,How many credits are required for a Master's Degree at Cardiff University?,"A Master's Degree requires a total of 180 credits, with at least 150 credits at ",General Academic Regulations,3,ed98d623,Academic Regulations and Policies Handbook 2025 26 English Nov25,38.0,The structure of modular undergraduate taught programmes will consist of ,18,Academic Regulations and Policies Handbook 2025 26 English Nov25 Section 4.1 The structure of modular undergraduate taug,0
q104,How many credits are required for a Master's Degree at Cardiff University?,"A Master's Degree requires a total of 180 credits, with at least 150 credits at ",General Academic Regulations,4,fc970e97,Academic Regulations and Policies Handbook 2025 26 English Nov25,51.0,,18,-  they have achieved a module mark of 60% or more in modules  at level 5 or level 6 to the value of at least 120 credit,0
q104,How many credits are required for a Master's Degree at Cardiff University?,"A Master's Degree requires a total of 180 credits, with at least 150 credits at ",General Academic Regulations,5,1b13d795,Academic Regulations and Policies Handbook 2025 26 English Nov25,61.0,"In addition to the provisions of 5.26 above the following apply, with the ",18,Academic Regulations and Policies Handbook 2025 26 English Nov25 Section 5.27 In addition to the provisions of 5.26 abov,0
q105,What is the secondary rule for postgraduate degree classification?,Students who achieve a final mark of 68% or 69% will be awarded a Distinction if,General Academic Regulations,1,1b13d795,Academic Regulations and Policies Handbook 2025 26 English Nov25,61.0,"In addition to the provisions of 5.26 above the following apply, with the ",39,Academic Regulations and Policies Handbook 2025 26 English Nov25 Section 5.27 In addition to the provisions of 5.26 abov,1
q105,What is the secondary rule for postgraduate degree classification?,Students who achieve a final mark of 68% or 69% will be awarded a Distinction if,General Academic Regulations,2,7f2f2e1b,Academic Regulations and Policies Handbook 2025 26 English Nov25,62.0,,34,module mark of 70% or more in modules at level 7 to the value of at  least 60 credits.  - Students who achieve a final m,1
q105,What is the secondary rule for postgraduate degree classification?,Students who achieve a final mark of 68% or 69% will be awarded a Distinction if,General Academic Regulations,3,ab8a1301,Academic Regulations and Policies Handbook 2025 26 English Nov25,51.0,,33,"- Students who achieve a final mark of 48% or 49% will be awarded a  degree classification of Second Class Honours, Divi",0
q105,What is the secondary rule for postgraduate degree classification?,Students who achieve a final mark of 68% or 69% will be awarded a Distinction if,General Academic Regulations,4,66986da3,Academic Regulations and Policies Handbook 2025 26 English Nov25,50.0,"In addition to the provisions of 4.24 above the following apply, with the ",32,Academic Regulations and Policies Handbook 2025 26 English Nov25 Section 4.26 In addition to the provisions of 4.24 abov,0
q105,What is the secondary rule for postgraduate degree classification?,Students who achieve a final mark of 68% or 69% will be awarded a Distinction if,General Academic Regulations,5,fc970e97,Academic Regulations and Policies Handbook 2025 26 English Nov25,51.0,,32,-  they have achieved a module mark of 60% or more in modules  at level 5 or level 6 to the value of at least 120 credit,0
q106,Where is the School of Computer Science and Informatics located?,The school is in the Abacws building. Students can contact the Facilities team i,General Academic Regulations,1,ef137b6c,COMSC School Handbook 25 26,39.0,Course-Based Societies ,19,COMSC School Handbook 25 26 Section 15.4 Course-Based Societies  Please refer to the Student Union Society page.  16 Sup,1
q106,Where is the School of Computer Science and Informatics located?,The school is in the Abacws building. Students can contact the Facilities team i,General Academic Regulations,2,7f42237d,COMSC School Handbook 25 26,28.0,Card Updates ,16,COMSC School Handbook 25 26 Section 13.2.2 Card Updates  You must carry your Student ID card at all times while on campu,1
q106,Where is the School of Computer Science and Informatics located?,The school is in the Abacws building. Students can contact the Facilities team i,General Academic Regulations,3,48765d3f,COMSC School Handbook 25 26,26.0,Meet the Outreach Team ,13,COMSC School Handbook 25 26 Section 12.3 Meet the Outreach Team  Email - Abacws@cardiff.ac.uk   Telephone - 07354167095 ,0
q106,Where is the School of Computer Science and Informatics located?,The school is in the Abacws building. Students can contact the Facilities team i,General Academic Regulations,4,63a5e713,COMSC School Handbook 25 26,28.0,Accessing additional IT support ,12,"COMSC School Handbook 25 26 Section 13.3 Accessing additional IT support  If you have an IT problem or query, please con",0
q106,Where is the School of Computer Science and Informatics located?,The school is in the Abacws building. Students can contact the Facilities team i,General Academic Regulations,5,76e7b85c,COMSC School Handbook 25 26,37.0,Useful contacts ,12,"COMSC School Handbook 25 26 Section 14.12 Useful contacts  The names, email addresses and telephone numbers of all staff",0
q107,Can postgraduate students get 24-hour access to the Abacws building?,Yes. Postgraduate students can request 24-hour access to the Abacws building by ,General Academic Regulations,1,ef137b6c,COMSC School Handbook 25 26,39.0,Course-Based Societies ,37,COMSC School Handbook 25 26 Section 15.4 Course-Based Societies  Please refer to the Student Union Society page.  16 Sup,1
q107,Can postgraduate students get 24-hour access to the Abacws building?,Yes. Postgraduate students can request 24-hour access to the Abacws building by ,General Academic Regulations,2,7f42237d,COMSC School Handbook 25 26,28.0,Card Updates ,16,COMSC School Handbook 25 26 Section 13.2.2 Card Updates  You must carry your Student ID card at all times while on campu,1
q107,Can postgraduate students get 24-hour access to the Abacws building?,Yes. Postgraduate students can request 24-hour access to the Abacws building by ,General Academic Regulations,3,460bfc79,COMSC School Handbook 25 26,38.0,Making the most of your student experience ,14,COMSC School Handbook 25 26 Section 15 Making the most of your student experience    15.1 Student Voice - Student-Staff ,0
q107,Can postgraduate students get 24-hour access to the Abacws building?,Yes. Postgraduate students can request 24-hour access to the Abacws building by ,General Academic Regulations,4,3d638bb9,COMSC School Handbook 25 26,25.0,Meet the Facilities and Safety Team ,13,"COMSC School Handbook 25 26 Section 12.2 Meet the Facilities and Safety Team  Name  Role  Abigail Rutherford  Building, ",0
q107,Can postgraduate students get 24-hour access to the Abacws building?,Yes. Postgraduate students can request 24-hour access to the Abacws building by ,General Academic Regulations,5,08df38cb,Extenuating Circumstances Procedure for Taught and Undergraduate Students,12.0,Support from the University ,13,Extenuating Circumstances Procedure for Taught and Undergraduate Students Section 7 Support from the University  Please ,0
q108,How often must Student ID cards be updated?,Student ID cards must be updated every 30 days. Update points are located outsid,General Academic Regulations,1,7f42237d,COMSC School Handbook 25 26,28.0,Card Updates ,47,COMSC School Handbook 25 26 Section 13.2.2 Card Updates  You must carry your Student ID card at all times while on campu,1
q108,How often must Student ID cards be updated?,Student ID cards must be updated every 30 days. Update points are located outsid,General Academic Regulations,2,ef137b6c,COMSC School Handbook 25 26,39.0,Course-Based Societies ,15,COMSC School Handbook 25 26 Section 15.4 Course-Based Societies  Please refer to the Student Union Society page.  16 Sup,1
q108,How often must Student ID cards be updated?,Student ID cards must be updated every 30 days. Update points are located outsid,General Academic Regulations,3,3550a855,Academic Regulations and Policies Handbook 2025 26 English Nov25,101.0,Distance learning students are expected to complete online enrolment within ,7,Academic Regulations and Policies Handbook 2025 26 English Nov25 Section 2.4 Distance learning students are expected to ,0
q108,How often must Student ID cards be updated?,Student ID cards must be updated every 30 days. Update points are located outsid,General Academic Regulations,4,919ec465,COMSC School Handbook 25 26,27.0,Student ID Card ,7,COMSC School Handbook 25 26 Section 13.2 Student ID Card    13.2.1 Collection and Usage  All students must collect their,0
q108,How often must Student ID cards be updated?,Student ID cards must be updated every 30 days. Update points are located outsid,General Academic Regulations,5,70c6dfb4,Academic Regulations and Policies Handbook 2025 26 English Nov25,78.0,The conduct and examining of assessments through the medium of Welsh ,6,Academic Regulations and Policies Handbook 2025 26 English Nov25 Section 2.4 The conduct and examining of assessments th,0
q109,What is Learning Central?,Learning Central is the University's Virtual Learning Environment where the majo,General Academic Regulations,1,434fdea0,COMSC School Handbook 25 26,11.0,Learning Central ,32,COMSC School Handbook 25 26 Section 4.4 Learning Central  Learning Central is our virtual learning environment. It will ,1
q109,What is Learning Central?,Learning Central is the University's Virtual Learning Environment where the majo,General Academic Regulations,2,fbe8595d,COMSC School Handbook 25 26,30.0,Learning Central ,26,COMSC School Handbook 25 26 Section 14.2 Learning Central  Learning Central is the University's Virtual Learning Environ,1
q109,What is Learning Central?,Learning Central is the University's Virtual Learning Environment where the majo,General Academic Regulations,3,5fcc43d5,COMSC School Handbook 25 26,11.0,The purpose of assessment ,14,COMSC School Handbook 25 26 Section 4.5 The purpose of assessment  Assessments allow you to demonstrate your understandi,0
q109,What is Learning Central?,Learning Central is the University's Virtual Learning Environment where the majo,General Academic Regulations,4,719d9d46,COMSC School Handbook 25 26,10.0,Communications ,11,COMSC School Handbook 25 26 Section 3.14 Communications  It is important to keep up to date with university news and eve,0
q109,What is Learning Central?,Learning Central is the University's Virtual Learning Environment where the majo,General Academic Regulations,5,e7c764ff,COMSC School Handbook 25 26,31.0,Examinations ,11,"COMSC School Handbook 25 26 Section 14.4 Examinations  Examinations are typically held online, via Learning Central. The",0
q110,How often should students log into Learning Central?,Students are expected to log into Learning Central at least once a week.,General Academic Regulations,1,fbe8595d,COMSC School Handbook 25 26,30.0,Learning Central ,21,COMSC School Handbook 25 26 Section 14.2 Learning Central  Learning Central is the University's Virtual Learning Environ,1
q110,How often should students log into Learning Central?,Students are expected to log into Learning Central at least once a week.,General Academic Regulations,2,20baf690,COMSC School Handbook 25 26,34.0,Feedback on assessment ,11,COMSC School Handbook 25 26 Section 14.6 Feedback on assessment  doing so. A conversation with your personal tutor or ot,1
q110,How often should students log into Learning Central?,Students are expected to log into Learning Central at least once a week.,General Academic Regulations,3,ac78dd97,Academic Integrity Policy,6.0,How to Maintain Academic Integrity and Avoid Academic Misconduct ,8,Academic Integrity Policy Section 4 How to Maintain Academic Integrity and Avoid Academic Misconduct    4.1 The Universi,0
q110,How often should students log into Learning Central?,Students are expected to log into Learning Central at least once a week.,General Academic Regulations,4,654d0bc1,Academic Regulations and Policies Handbook 2025 26 English Nov25,10.0,,8,Student Study and Engagement  - Student Support Intervention Policy and Procedure  Taught students:  - Student Attendanc,0
q110,How often should students log into Learning Central?,Students are expected to log into Learning Central at least once a week.,General Academic Regulations,5,719d9d46,COMSC School Handbook 25 26,10.0,Communications ,8,COMSC School Handbook 25 26 Section 3.14 Communications  It is important to keep up to date with university news and eve,0
q111,What is the difference between formative and summative assessment?,Formative assessments help you learn through feedback and do not count towards y,General Academic Regulations,1,5fcc43d5,COMSC School Handbook 25 26,11.0,The purpose of assessment ,47,COMSC School Handbook 25 26 Section 4.5 The purpose of assessment  Assessments allow you to demonstrate your understandi,1
q111,What is the difference between formative and summative assessment?,Formative assessments help you learn through feedback and do not count towards y,General Academic Regulations,2,20baf690,COMSC School Handbook 25 26,34.0,Feedback on assessment ,20,COMSC School Handbook 25 26 Section 14.6 Feedback on assessment  doing so. A conversation with your personal tutor or ot,1
q111,What is the difference between formative and summative assessment?,Formative assessments help you learn through feedback and do not count towards y,General Academic Regulations,3,13a2298a,COMSC School Handbook 25 26,34.0,Feedback on assessment ,17,"Throughout your programme you will receive many forms of feedback, both, individual and  group/cohort. These may include",0
q111,What is the difference between formative and summative assessment?,Formative assessments help you learn through feedback and do not count towards y,General Academic Regulations,4,a8941c73,COMSC School Handbook 25 26,12.0,Marking ,16,"COMSC School Handbook 25 26 Section 4.8 Marking  Most assessment tasks require academic and/or professional judgement, w",0
q111,What is the difference between formative and summative assessment?,Formative assessments help you learn through feedback and do not count towards y,General Academic Regulations,5,0d58990f,COMSC School Handbook 25 26,32.0,Component and Module Marks ,13,COMSC School Handbook 25 26 Section 14.5.2 Component and Module Marks  You will receive marks for each individual assess,0
q112,When is feedback provided for summative assessments?,Feedback is provided for all work no later than 20 working days after the assess,General Academic Regulations,1,5fcc43d5,COMSC School Handbook 25 26,11.0,The purpose of assessment ,25,COMSC School Handbook 25 26 Section 4.5 The purpose of assessment  Assessments allow you to demonstrate your understandi,1
q112,When is feedback provided for summative assessments?,Feedback is provided for all work no later than 20 working days after the assess,General Academic Regulations,2,20baf690,COMSC School Handbook 25 26,34.0,Feedback on assessment ,22,COMSC School Handbook 25 26 Section 14.6 Feedback on assessment  doing so. A conversation with your personal tutor or ot,1
q112,When is feedback provided for summative assessments?,Feedback is provided for all work no later than 20 working days after the assess,General Academic Regulations,3,0d7a43ea,Extenuating Circumstances Procedure for Taught and Undergraduate Students,16.0,,13,Exam or TimeLimited  Assessment  An assessment completed in controlled conditions that lasts up to 48  hours. Group work,0
q112,When is feedback provided for summative assessments?,Feedback is provided for all work no later than 20 working days after the assess,General Academic Regulations,4,a8941c73,COMSC School Handbook 25 26,12.0,Marking ,12,"COMSC School Handbook 25 26 Section 4.8 Marking  Most assessment tasks require academic and/or professional judgement, w",0
q112,When is feedback provided for summative assessments?,Feedback is provided for all work no later than 20 working days after the assess,General Academic Regulations,5,40e0c75d,Extenuating Circumstances Procedure for Taught and Undergraduate Students,14.0,,12,Cardiff University Extenuating Circumstances Procedure v2 09/25   students  Students studying with Cardiff University wh,0
q113,How can I contact the COMSC Student Services Team?,"You can email COMSC-office@cardiff.ac.uk, telephone +44 (0) 29 2087 4812, or vis",General Academic Regulations,1,969aeb50,COMSC School Handbook 25 26,37.0,COMSC Student Services Team ,37,COMSC School Handbook 25 26 Section 14.12.1 COMSC Student Services Team  Our team are here to help you with queries abou,1
q113,How can I contact the COMSC Student Services Team?,"You can email COMSC-office@cardiff.ac.uk, telephone +44 (0) 29 2087 4812, or vis",General Academic Regulations,2,b836cd8c,COMSC School Handbook 25 26,25.0,Meet the Student Services Team ,25,COMSC School Handbook 25 26 Section 12.1 Meet the Student Services Team  Our Student Services Team is here to support yo,1
q113,How can I contact the COMSC Student Services Team?,"You can email COMSC-office@cardiff.ac.uk, telephone +44 (0) 29 2087 4812, or vis",General Academic Regulations,3,63a5e713,COMSC School Handbook 25 26,28.0,Accessing additional IT support ,16,"COMSC School Handbook 25 26 Section 13.3 Accessing additional IT support  If you have an IT problem or query, please con",0
q113,How can I contact the COMSC Student Services Team?,"You can email COMSC-office@cardiff.ac.uk, telephone +44 (0) 29 2087 4812, or vis",General Academic Regulations,4,76e7b85c,COMSC School Handbook 25 26,37.0,Useful contacts ,16,"COMSC School Handbook 25 26 Section 14.12 Useful contacts  The names, email addresses and telephone numbers of all staff",0
q113,How can I contact the COMSC Student Services Team?,"You can email COMSC-office@cardiff.ac.uk, telephone +44 (0) 29 2087 4812, or vis",General Academic Regulations,5,460bfc79,COMSC School Handbook 25 26,38.0,Making the most of your student experience ,15,COMSC School Handbook 25 26 Section 15 Making the most of your student experience    15.1 Student Voice - Student-Staff ,0
q114,Who is the school's disability contact at COMSC?,The school's disability contact is Barry Hogan.,General Academic Regulations,1,b836cd8c,COMSC School Handbook 25 26,25.0,Meet the Student Services Team ,15,COMSC School Handbook 25 26 Section 12.1 Meet the Student Services Team  Our Student Services Team is here to support yo,1
q114,Who is the school's disability contact at COMSC?,The school's disability contact is Barry Hogan.,General Academic Regulations,2,969aeb50,COMSC School Handbook 25 26,37.0,COMSC Student Services Team ,11,COMSC School Handbook 25 26 Section 14.12.1 COMSC Student Services Team  Our team are here to help you with queries abou,1
q114,Who is the school's disability contact at COMSC?,The school's disability contact is Barry Hogan.,General Academic Regulations,3,a8c4774e,COMSC School Handbook 25 26,16.0,Multi-faith chaplaincy ,9,"COMSC School Handbook 25 26 Section 7.7 Multi-faith chaplaincy  The Multi-faith chaplaincy is a place of friendship, hos",0
q114,Who is the school's disability contact at COMSC?,The school's disability contact is Barry Hogan.,General Academic Regulations,4,62a8c072,COMSC School Handbook 25 26,18.0,Disabled students ,9,COMSC School Handbook 25 26 Section 7.14 Disabled students  Contact the Student Disability Service as early as possible ,0
q114,Who is the school's disability contact at COMSC?,The school's disability contact is Barry Hogan.,General Academic Regulations,5,37a3bb6e,Academic Regulations and Policies Handbook 2025 26 English Nov25,108.0,If you have a disability and require adjustments to this Regulation and ,8,Academic Regulations and Policies Handbook 2025 26 English Nov25 Section 1.6 If you have a disability and require adjust,0
q115,How do I change my personal tutor at COMSC?,"You should contact COMSCStudentvoiceandsupport@cardiff.ac.uk. You will not, at t",General Academic Regulations,1,8b2b1828,COMSC School Handbook 25 26,40.0,,21,academic matters. Your personal tutor should meet with you within the first two weeks of each  academic session and at l,1
q115,How do I change my personal tutor at COMSC?,"You should contact COMSCStudentvoiceandsupport@cardiff.ac.uk. You will not, at t",General Academic Regulations,2,76e7b85c,COMSC School Handbook 25 26,37.0,Useful contacts ,12,"COMSC School Handbook 25 26 Section 14.12 Useful contacts  The names, email addresses and telephone numbers of all staff",1
q115,How do I change my personal tutor at COMSC?,"You should contact COMSCStudentvoiceandsupport@cardiff.ac.uk. You will not, at t",General Academic Regulations,3,bb28ef8b,COMSC School Handbook 25 26,7.0,Student ID card ,11,COMSC School Handbook 25 26 Section 3.3 Student ID card  Collection of your student ID card is a mandatory step in the e,0
q115,How do I change my personal tutor at COMSC?,"You should contact COMSCStudentvoiceandsupport@cardiff.ac.uk. You will not, at t",General Academic Regulations,4,ef137b6c,COMSC School Handbook 25 26,39.0,Course-Based Societies ,10,COMSC School Handbook 25 26 Section 15.4 Course-Based Societies  Please refer to the Student Union Society page.  16 Sup,0
q115,How do I change my personal tutor at COMSC?,"You should contact COMSCStudentvoiceandsupport@cardiff.ac.uk. You will not, at t",General Academic Regulations,5,997821c6,COMSC School Handbook 25 26,12.0,Assessment results ,9,COMSC School Handbook 25 26 Section 4.9 Assessment results  Provisional assessment results will be made available on SIM,0
q116,Within how many days can I request to change modules?,"You can only request to change modules within 14 days of the start of teaching, ",General Academic Regulations,1,35d8fdad,COMSC School Handbook 25 26,13.0,Feedback on assessment ,29,COMSC School Handbook 25 26 Section 4.10 Feedback on assessment  How we feedback is outlined in our academic feedback po,1
q116,Within how many days can I request to change modules?,"You can only request to change modules within 14 days of the start of teaching, ",General Academic Regulations,2,70cc4c29,COMSC School Handbook 25 26,13.0,Programme transfers ,24,"COMSC School Handbook 25 26 Section 5.2 Programme transfers  You may be able to transfer to another programme, subject t",1
q116,Within how many days can I request to change modules?,"You can only request to change modules within 14 days of the start of teaching, ",General Academic Regulations,3,4f61c9bc,Academic Regulations and Policies Handbook 2025 26 English Nov25,25.0,Change of Programme ,17,Academic Regulations and Policies Handbook 2025 26 English Nov25 Section 6 Change of Programme    6.1 After an applicati,0
q116,Within how many days can I request to change modules?,"You can only request to change modules within 14 days of the start of teaching, ",General Academic Regulations,4,20baf690,COMSC School Handbook 25 26,34.0,Feedback on assessment ,16,COMSC School Handbook 25 26 Section 14.6 Feedback on assessment  doing so. A conversation with your personal tutor or ot,0
q116,Within how many days can I request to change modules?,"You can only request to change modules within 14 days of the start of teaching, ",General Academic Regulations,5,8b2b1828,COMSC School Handbook 25 26,40.0,,15,academic matters. Your personal tutor should meet with you within the first two weeks of each  academic session and at l,0
q117,How long do I have to submit a complaint at Cardiff University?,"Complaints must be raised within 28 days of the concern arising, or the latest o",General Academic Regulations,1,b351838e,COMSC School Handbook 25 26,21.0,"Student behaviour, conduct and discipline ",32,"COMSC School Handbook 25 26 Section 9.6 Student behaviour, conduct and discipline  You are expected to demonstrate respe",1
q117,How long do I have to submit a complaint at Cardiff University?,"Complaints must be raised within 28 days of the concern arising, or the latest o",General Academic Regulations,2,5224ec0e,Academic Misconduct Procedure Taught,4.0,"The Chair of the Examining Board will confirm their decision to you, in ",9,"Academic Misconduct Procedure Taught Section 2.11 The Chair of the Examining Board will confirm their decision to you, i",1
q117,How long do I have to submit a complaint at Cardiff University?,"Complaints must be raised within 28 days of the concern arising, or the latest o",General Academic Regulations,3,efa6df0e,COMSC School Handbook 25 26,20.0,Seeking guidance and support ,9,"COMSC School Handbook 25 26 Section 9.2 Seeking guidance and support  If things aren't meeting your expectations, you sh",0
q117,How long do I have to submit a complaint at Cardiff University?,"Complaints must be raised within 28 days of the concern arising, or the latest o",General Academic Regulations,4,63baf6e6,Academic Misconduct Procedure Taught,5.0,You must reply within 7 days if you intend to attend. You must send any ,7,Academic Misconduct Procedure Taught Section 3.4 You must reply within 7 days if you intend to attend. You must send any,0
q117,How long do I have to submit a complaint at Cardiff University?,"Complaints must be raised within 28 days of the concern arising, or the latest o",General Academic Regulations,5,62641412,Academic Misconduct Procedure Taught,8.0,Request for Review ,7,Academic Misconduct Procedure Taught Section 5 Request for Review  will conduct an investigation and submit a report and,0
q118,What happens if I am absent for more than 14 days?,You will need to apply for an interruption of study or extenuating circumstances,General Academic Regulations,1,3c0cd891,COMSC School Handbook 25 26,15.0,,35,- If you are absent for 14 days or more: you will need to apply for an interruption of  study or extenuating circumstanc,1
q118,What happens if I am absent for more than 14 days?,You will need to apply for an interruption of study or extenuating circumstances,General Academic Regulations,2,11955df7,Extenuating Circumstances Procedure for Taught and Undergraduate Students,10.0,,19,Cardiff University Extenuating Circumstances Procedure v2 09/25  The Extenuating Circumstances Group will meet regularly,1
q118,What happens if I am absent for more than 14 days?,You will need to apply for an interruption of study or extenuating circumstances,General Academic Regulations,3,4196cfb4,Extenuating Circumstances Procedure for Taught and Undergraduate Students,16.0,,19,Cardiff University Extenuating Circumstances Procedure v2 09/25  If you are unable to present evidence with your circums,0
q118,What happens if I am absent for more than 14 days?,You will need to apply for an interruption of study or extenuating circumstances,General Academic Regulations,4,3550a855,Academic Regulations and Policies Handbook 2025 26 English Nov25,101.0,Distance learning students are expected to complete online enrolment within ,17,Academic Regulations and Policies Handbook 2025 26 English Nov25 Section 2.4 Distance learning students are expected to ,0
q118,What happens if I am absent for more than 14 days?,You will need to apply for an interruption of study or extenuating circumstances,General Academic Regulations,5,a8373d53,Extenuating Circumstances Procedure for Taught and Undergraduate Students,3.0,,16,"If your programme requires compulsory attendance at some engagement points (e.g.,  laboratories, clinical placements and",0
q119,What support is available if I want to report harassment or bullying?,Report and Support is a confidential and easy-to-use online tool to report incid,General Academic Regulations,1,1576cd10,COMSC School Handbook 25 26,16.0,,51,- discrimination  - harassment  - hate crime  - sexual misconduct  - and serious mental health concerns.  You can make a,1
q119,What support is available if I want to report harassment or bullying?,Report and Support is a confidential and easy-to-use online tool to report incid,General Academic Regulations,2,db4817ff,COMSC School Handbook 25 26,15.0,"Health, wellbeing and safety ",33,"COMSC School Handbook 25 26 Section 7.3 Health, wellbeing and safety  Our dedicated Health and Wellbeing team is here to",1
q119,What support is available if I want to report harassment or bullying?,Report and Support is a confidential and easy-to-use online tool to report incid,General Academic Regulations,3,b351838e,COMSC School Handbook 25 26,21.0,"Student behaviour, conduct and discipline ",28,"COMSC School Handbook 25 26 Section 9.6 Student behaviour, conduct and discipline  You are expected to demonstrate respe",0
q119,What support is available if I want to report harassment or bullying?,Report and Support is a confidential and easy-to-use online tool to report incid,General Academic Regulations,4,08df38cb,Extenuating Circumstances Procedure for Taught and Undergraduate Students,12.0,Support from the University ,24,Extenuating Circumstances Procedure for Taught and Undergraduate Students Section 7 Support from the University  Please ,0
q119,What support is available if I want to report harassment or bullying?,Report and Support is a confidential and easy-to-use online tool to report incid,General Academic Regulations,5,66bcc21f,Extenuating Circumstances Procedure for Taught and Undergraduate Students,12.0,Support from the University ,21,Your report will not be handed  to your School as a declaration of extenuating circumstances*  - Student Disability Serv,0
q120,What is the Student Connect phone number?,You can phone Student Connect at +44 (0)29 2251 8888.,General Academic Regulations,1,1b8f6054,COMSC School Handbook 25 26,14.0,Your support services and looking after yourself ,14,COMSC School Handbook 25 26 Section 7 Your support services and looking after yourself    7.1 Student Connect  If you ne,1
q120,What is the Student Connect phone number?,You can phone Student Connect at +44 (0)29 2251 8888.,General Academic Regulations,2,52cdcd7c,COMSC School Handbook 25 26,5.0,Introduction ,4,"COMSC School Handbook 25 26 Section 1 Introduction  Welcome to your student handbook, which explains how the university ",1
q120,What is the Student Connect phone number?,You can phone Student Connect at +44 (0)29 2251 8888.,General Academic Regulations,3,eccf5024,COMSC School Handbook 25 26,7.0,Getting started ,4,COMSC School Handbook 25 26 Section 3 Getting started    3.1 Orientation  Make sure you have completed orientation. If y,0
q120,What is the Student Connect phone number?,You can phone Student Connect at +44 (0)29 2251 8888.,General Academic Regulations,4,c3ff01d6,COMSC School Handbook 25 26,9.0,University IT ,4,COMSC School Handbook 25 26 Section 3.8 University IT  All students using our IT facilities are bound by the university ,0
q120,What is the Student Connect phone number?,You can phone Student Connect at +44 (0)29 2251 8888.,General Academic Regulations,5,920dab06,COMSC School Handbook 25 26,10.0,Protect yourself and your data online ,4,COMSC School Handbook 25 26 Section 3.13 Protect yourself and your data online  Multi-Factor Authentication (MFA) helps ,0
q121,What are the assessments for CMT318 Computational Linguistics?,CMT318 has two assessments: a Practical-Based Assessment called 'Computational L,Assessment Calendar,1,ea6755ba,Assessment calender,,Assessment Deadline,15,Module: CMT318 - Computational Linguistics Assessment: Computational Linguistics Portfolio (Practical-Based Assessment) ,1
q121,What are the assessments for CMT318 Computational Linguistics?,CMT318 has two assessments: a Practical-Based Assessment called 'Computational L,Assessment Calendar,2,b9748ba8,Assessment calender,,Assessment Deadline,15,Module: CMT318 - Computational Linguistics Assessment: Group Project (Project) Weight: 50% Hand Out Date: 2025-11-03 Han,1
q121,What are the assessments for CMT318 Computational Linguistics?,CMT318 has two assessments: a Practical-Based Assessment called 'Computational L,Assessment Calendar,3,1b497b03,Assessment calender,,Assessment Deadline,11,Module: CM4318 - Computational Linguistics Assessment: Computational Linguistics Portfolio (Practical-Based Assessment) ,0
q121,What are the assessments for CMT318 Computational Linguistics?,CMT318 has two assessments: a Practical-Based Assessment called 'Computational L,Assessment Calendar,4,00e6fe4b,Assessment calender,,Assessment Deadline,11,Module: CM4318 - Computational Linguistics Assessment: Group Project (Project) Weight: 50% Hand Out Date: 2025-11-03 Han,0
q121,What are the assessments for CMT318 Computational Linguistics?,CMT318 has two assessments: a Practical-Based Assessment called 'Computational L,Assessment Calendar,5,b71c48bf,Academic Regulations and Policies Handbook 2025 26 English Nov25,81.0,"The length of a standard dissertation will not exceed 20,000 words. Specific ",10,Academic Regulations and Policies Handbook 2025 26 English Nov25 Section 10.2 The length of a standard dissertation will,0
q122,What are the assessments for CMT227 Advanced Topics in NLP?,CMT227 has two assessments: a Portfolio called 'Advanced Topics in NLP Portfolio,Assessment Calendar,1,78de52b4,Assessment calender,,Assessment Deadline,22,Module: CMT227 - Advanced Topics in NLP Assessment: Programming Assignment (Written Assessment) Weight: 40% Hand Out Dat,1
q122,What are the assessments for CMT227 Advanced Topics in NLP?,CMT227 has two assessments: a Portfolio called 'Advanced Topics in NLP Portfolio,Assessment Calendar,2,7f96d398,Assessment calender,,Assessment Deadline,19,Module: CMT227 - Advanced Topics in NLP Assessment: Advanced Topics in NLP Portfolio (Portfolio) Weight: 60% Hand Out Da,1
q122,What are the assessments for CMT227 Advanced Topics in NLP?,CMT227 has two assessments: a Portfolio called 'Advanced Topics in NLP Portfolio,Assessment Calendar,3,942cf88e,Assessment calender,,Assessment Deadline,18,Module: CM4227 - Advanced Topics in NLP Assessment: Advanced topics in NLP Portfolio (Written Assessment) Weight: 60% Ha,0
q122,What are the assessments for CMT227 Advanced Topics in NLP?,CMT227 has two assessments: a Portfolio called 'Advanced Topics in NLP Portfolio,Assessment Calendar,4,c597a1c2,Assessment calender,,Assessment Deadline,18,Module: CM4227 - Advanced Topics in NLP Assessment: Programming Assignment (Written Assessment) Weight: 40% Hand Out Dat,0
q122,What are the assessments for CMT227 Advanced Topics in NLP?,CMT227 has two assessments: a Portfolio called 'Advanced Topics in NLP Portfolio,Assessment Calendar,5,b71c48bf,Academic Regulations and Policies Handbook 2025 26 English Nov25,81.0,"The length of a standard dissertation will not exceed 20,000 words. Specific ",10,Academic Regulations and Policies Handbook 2025 26 English Nov25 Section 10.2 The length of a standard dissertation will,0
q123,When is the programming assignment for CMT227 due?,The Programming Assignment for CMT227 Advanced Topics in NLP is due on 5 March 2,Assessment Calendar,1,78de52b4,Assessment calender,,Assessment Deadline,21,Module: CMT227 - Advanced Topics in NLP Assessment: Programming Assignment (Written Assessment) Weight: 40% Hand Out Dat,1
q123,When is the programming assignment for CMT227 due?,The Programming Assignment for CMT227 Advanced Topics in NLP is due on 5 March 2,Assessment Calendar,2,c597a1c2,Assessment calender,,Assessment Deadline,17,Module: CM4227 - Advanced Topics in NLP Assessment: Programming Assignment (Written Assessment) Weight: 40% Hand Out Dat,1
q123,When is the programming assignment for CMT227 due?,The Programming Assignment for CMT227 Advanced Topics in NLP is due on 5 March 2,Assessment Calendar,3,7f96d398,Assessment calender,,Assessment Deadline,13,Module: CMT227 - Advanced Topics in NLP Assessment: Advanced Topics in NLP Portfolio (Portfolio) Weight: 60% Hand Out Da,0
q123,When is the programming assignment for CMT227 due?,The Programming Assignment for CMT227 Advanced Topics in NLP is due on 5 March 2,Assessment Calendar,4,942cf88e,Assessment calender,,Assessment Deadline,9,Module: CM4227 - Advanced Topics in NLP Assessment: Advanced topics in NLP Portfolio (Written Assessment) Weight: 60% Ha,0
q123,When is the programming assignment for CMT227 due?,The Programming Assignment for CMT227 Advanced Topics in NLP is due on 5 March 2,Assessment Calendar,5,e221377f,Assessment calender,,Assessment Deadline,8,Module: CM6114 - Computational Thinking Assessment: Programming Assignment (Written Assessment) Weight: 60% Hand Out Dat,0
q124,What assessments does CMT311 Principles of Machine Learning have?,CMT311 has two assessments: a Written Assessment called 'Machine Learning Method,Assessment Calendar,1,5f8efc44,Assessment calender,,Assessment Deadline,22,Module: CMT311 - Principles of Machine Learning Assessment: Theoretical Foundations of Machine Learning (Exam online – A,1
q124,What assessments does CMT311 Principles of Machine Learning have?,CMT311 has two assessments: a Written Assessment called 'Machine Learning Method,Assessment Calendar,2,481d6fbd,Assessment calender,,Assessment Deadline,19,Module: CMT311 - Principles of Machine Learning Assessment: Machine Learning Methods (Written Assessment) Weight: 50% Ha,1
q124,What assessments does CMT311 Principles of Machine Learning have?,CMT311 has two assessments: a Written Assessment called 'Machine Learning Method,Assessment Calendar,3,9988c295,Assessment calender,,Assessment Deadline,18,Module: CM4311 - Principles of Machine Learning Assessment: Theoretical Foundations of Machine Learning (Exam online – A,0
q124,What assessments does CMT311 Principles of Machine Learning have?,CMT311 has two assessments: a Written Assessment called 'Machine Learning Method,Assessment Calendar,4,9ff5091e,Assessment calender,,Assessment Deadline,15,Module: CM4311 - Principles of Machine Learning Assessment: Machine Learning Methods (Written Assessment) Weight: 50% Ha,0
q124,What assessments does CMT311 Principles of Machine Learning have?,CMT311 has two assessments: a Written Assessment called 'Machine Learning Method,Assessment Calendar,5,434fdea0,COMSC School Handbook 25 26,11.0,Learning Central ,11,COMSC School Handbook 25 26 Section 4.4 Learning Central  Learning Central is our virtual learning environment. It will ,0
q125,How many total modules are covered in the Assessment Calendar?,The Assessment Calendar covers 132 distinct modules with a total of 229 assessme,Assessment Calendar,1,23884688,Academic Regulations and Policies Handbook 2025 26 English Nov25,35.0,The programme information will include the following information: ,8,Academic Regulations and Policies Handbook 2025 26 English Nov25 Section 1.2 The programme information will include the ,1
q125,How many total modules are covered in the Assessment Calendar?,The Assessment Calendar covers 132 distinct modules with a total of 229 assessme,Assessment Calendar,2,ab8a1301,Academic Regulations and Policies Handbook 2025 26 English Nov25,51.0,,8,"- Students who achieve a final mark of 48% or 49% will be awarded a  degree classification of Second Class Honours, Divi",1
q125,How many total modules are covered in the Assessment Calendar?,The Assessment Calendar covers 132 distinct modules with a total of 229 assessme,Assessment Calendar,3,20baf690,COMSC School Handbook 25 26,34.0,Feedback on assessment ,5,COMSC School Handbook 25 26 Section 14.6 Feedback on assessment  doing so. A conversation with your personal tutor or ot,0
q125,How many total modules are covered in the Assessment Calendar?,The Assessment Calendar covers 132 distinct modules with a total of 229 assessme,Assessment Calendar,4,969aeb50,COMSC School Handbook 25 26,37.0,COMSC Student Services Team ,5,COMSC School Handbook 25 26 Section 14.12.1 COMSC Student Services Team  Our team are here to help you with queries abou,0
q125,How many total modules are covered in the Assessment Calendar?,The Assessment Calendar covers 132 distinct modules with a total of 229 assessme,Assessment Calendar,5,761533a5,Academic Regulations and Policies Handbook 2025 26 English Nov25,5.0,,4,"professional recognition and actively include staff, students and peers. They can be  undertaken by representative organ",0
q126,What types of assessments are used across COMSC modules?,"The assessment types include Written Assessment (most common), Portfolio, Practi",Assessment Calendar,1,13a2298a,COMSC School Handbook 25 26,34.0,Feedback on assessment ,17,"Throughout your programme you will receive many forms of feedback, both, individual and  group/cohort. These may include",1
q126,What types of assessments are used across COMSC modules?,"The assessment types include Written Assessment (most common), Portfolio, Practi",Assessment Calendar,2,20baf690,COMSC School Handbook 25 26,34.0,Feedback on assessment ,15,COMSC School Handbook 25 26 Section 14.6 Feedback on assessment  doing so. A conversation with your personal tutor or ot,1
q126,What types of assessments are used across COMSC modules?,"The assessment types include Written Assessment (most common), Portfolio, Practi",Assessment Calendar,3,128aba41,Academic Regulations and Policies Handbook 2025 26 English Nov25,36.0,"Within each stage of a programme, a diet of approved modules must be ",14,"Academic Regulations and Policies Handbook 2025 26 English Nov25 Section 2.4 Within each stage of a programme, a diet of",0
q126,What types of assessments are used across COMSC modules?,"The assessment types include Written Assessment (most common), Portfolio, Practi",Assessment Calendar,4,634a9824,Assessment calender,,Assessment Deadline,12,"Module: CM1301 - Principles, Tools and Techniques for Secure Software Engineering Assessment: Class Test 1 (Autumn Semes",0
q126,What types of assessments are used across COMSC modules?,"The assessment types include Written Assessment (most common), Portfolio, Practi",Assessment Calendar,5,facc47d9,Assessment calender,,Assessment Deadline,12,"Module: CM1301 - Principles, Tools and Techniques for Secure Software Engineering Assessment: Class Test 2 (Spring Semes",0
q127,Which module is assessed entirely by an online exam in the Autumn semester on the topic of Security?,CM3110 Security is assessed 100% by an online exam in the Autumn semester.,Assessment Calendar,1,bc25531c,Assessment calender,,Assessment Deadline,26,Module: CM3110 - Security Assessment: Security (Exam online – Autumn semester) Weight: 100% Hand Out Date:  Hand In Date,1
q127,Which module is assessed entirely by an online exam in the Autumn semester on the topic of Security?,CM3110 Security is assessed 100% by an online exam in the Autumn semester.,Assessment Calendar,2,5c97b536,Assessment calender,,Assessment Deadline,19,Module: CM3112 - Artificial Intelligence Assessment: Artificial Intelligence (Exam online – Autumn semester) Weight: 100,1
q127,Which module is assessed entirely by an online exam in the Autumn semester on the topic of Security?,CM3110 Security is assessed 100% by an online exam in the Autumn semester.,Assessment Calendar,3,974b616d,Assessment calender,,Assessment Deadline,16,Module: CM2104 - Computational Mathematics Assessment: MATLAB/General Mathematics and Probability Fundamentals (Exam onl,0
q127,Which module is assessed entirely by an online exam in the Autumn semester on the topic of Security?,CM3110 Security is assessed 100% by an online exam in the Autumn semester.,Assessment Calendar,4,7e999e94,Assessment calender,,Assessment Deadline,16,Module: CM3104 - Large-Scale Databases Assessment: Large Scale Database (Exam online – Autumn semester) Weight: 50% Hand,0
q127,Which module is assessed entirely by an online exam in the Autumn semester on the topic of Security?,CM3110 Security is assessed 100% by an online exam in the Autumn semester.,Assessment Calendar,5,c599416b,Assessment calender,,Assessment Deadline,16,Module: CM3113 - Computer Vision Assessment: Computer Vision (Exam online – Autumn semester) Weight: 50% Hand Out Date: ,0
q128,What are the assessments for CMT307 Applied Machine Learning?,"CMT307 has two assessments: a Class Test worth 50% due 13 March 2026, and a Writ",Assessment Calendar,1,21e9e598,Assessment calender,,Assessment Deadline,16,Module: CMT307 - Applied Machine Learning Assessment: Class Test (Class Test) Weight: 50% Hand Out Date: 2026-03-13 Hand,1
q128,What are the assessments for CMT307 Applied Machine Learning?,"CMT307 has two assessments: a Class Test worth 50% due 13 March 2026, and a Writ",Assessment Calendar,2,a26dbc6f,Assessment calender,,Assessment Deadline,16,Module: CMT307 - Applied Machine Learning Assessment: Machine Learning Project (Written Assessment) Weight: 50% Hand Out,1
q128,What are the assessments for CMT307 Applied Machine Learning?,"CMT307 has two assessments: a Class Test worth 50% due 13 March 2026, and a Writ",Assessment Calendar,3,20baf690,COMSC School Handbook 25 26,34.0,Feedback on assessment ,14,COMSC School Handbook 25 26 Section 14.6 Feedback on assessment  doing so. A conversation with your personal tutor or ot,0
q128,What are the assessments for CMT307 Applied Machine Learning?,"CMT307 has two assessments: a Class Test worth 50% due 13 March 2026, and a Writ",Assessment Calendar,4,13a2298a,COMSC School Handbook 25 26,34.0,Feedback on assessment ,14,"Throughout your programme you will receive many forms of feedback, both, individual and  group/cohort. These may include",0
q128,What are the assessments for CMT307 Applied Machine Learning?,"CMT307 has two assessments: a Class Test worth 50% due 13 March 2026, and a Writ",Assessment Calendar,5,16fba603,Assessment calender,,Assessment Deadline,12,Module: CMT507 - Applied Machine Learning Assessment: Class Test (Class Test) Weight: 50% Hand Out Date: 2025-11-11 Hand,0
q129,When is the CMT316 Machine Learning Project due?,The Machine Learning Project for CMT316 (Applications of Machine Learning: NLP/C,Assessment Calendar,1,a965e8ea,Assessment calender,,Assessment Deadline,22,Module: CMT316 - Applications of Machine Learning: Natural Language Processing/Computer Vision Assessment: Machine Learn,1
q129,When is the CMT316 Machine Learning Project due?,The Machine Learning Project for CMT316 (Applications of Machine Learning: NLP/C,Assessment Calendar,2,3c8f81d5,Assessment calender,,Assessment Deadline,18,Module: CM4316 - Applications of Machine Learning: Natural Language Processing/Computer Vision Assessment: Machine Learn,1
q129,When is the CMT316 Machine Learning Project due?,The Machine Learning Project for CMT316 (Applications of Machine Learning: NLP/C,Assessment Calendar,3,5e3e66b4,Assessment calender,,Assessment Deadline,18,Module: CMT316 - Applications of Machine Learning: Natural Language Processing/Computer Vision Assessment: Exercises Inv,0
q129,When is the CMT316 Machine Learning Project due?,The Machine Learning Project for CMT316 (Applications of Machine Learning: NLP/C,Assessment Calendar,4,68743723,Assessment calender,,Assessment Deadline,14,Module: CM4316 - Applications of Machine Learning: Natural Language Processing/Computer Vision Assessment: Exercises Inv,0
q129,When is the CMT316 Machine Learning Project due?,The Machine Learning Project for CMT316 (Applications of Machine Learning: NLP/C,Assessment Calendar,5,227096c2,Assessment calender,,Assessment Deadline,12,Module: CM4122 - Machine Learning for NLP Assessment: Machine Learning Group Project on an NLP Problem (Written Assessme,0
q130,What is the assessment structure for CMT120 Fundamentals of Programming?,CMT120 has two assessments: a Practical-Based Assessment called 'Programming Cha,Assessment Calendar,1,7b0a2559,Assessment calender,,Assessment Deadline,15,Module: CMT120 - Fundamentals of Programming Assessment: Web Application Development (Project) Weight: 60% Hand Out Date,1
q130,What is the assessment structure for CMT120 Fundamentals of Programming?,CMT120 has two assessments: a Practical-Based Assessment called 'Programming Cha,Assessment Calendar,2,a3aef0e2,Academic Regulations and Policies Handbook 2025 26 English Nov25,75.0,Application and Assessment ,9,Academic Regulations and Policies Handbook 2025 26 English Nov25 Section 3 Application and Assessment    3.1 Application,1
q130,What is the assessment structure for CMT120 Fundamentals of Programming?,CMT120 has two assessments: a Practical-Based Assessment called 'Programming Cha,Assessment Calendar,3,8e0c62ab,Assessment calender,,Assessment Deadline,9,Module: CMT120 - Fundamentals of Programming Assessment: Programming Challenges (Practical-Based Assessment) Weight: 40%,0
q130,What is the assessment structure for CMT120 Fundamentals of Programming?,CMT120 has two assessments: a Practical-Based Assessment called 'Programming Cha,Assessment Calendar,4,03fb8978,Academic Regulations and Policies Handbook 2025 26 English Nov25,14.0,Boards of Studies will report to the School Education and Student ,7,Academic Regulations and Policies Handbook 2025 26 English Nov25 Section 4.3.2 Boards of Studies will report to the Scho,0
q130,What is the assessment structure for CMT120 Fundamentals of Programming?,CMT120 has two assessments: a Practical-Based Assessment called 'Programming Cha,Assessment Calendar,5,b7c58f8a,Academic Regulations and Policies Handbook 2025 26 English Nov25,92.0,"Where an exit award is available, a student must acquire the necessary credit ",7,"Academic Regulations and Policies Handbook 2025 26 English Nov25 Section 4.4 Where an exit award is available, a student",0
q131,Is CMT115 Python for Computation assessed by a single assessment?,Yes. CMT115 is assessed 100% by a single Written Assessment called 'Programming ,Assessment Calendar,1,a59a418a,Assessment calender,,Assessment Deadline,21,Module: CMT115 - Python for Computation Assessment: Programming Coursework Using Python (Written Assessment) Weight: 100,1
q131,Is CMT115 Python for Computation assessed by a single assessment?,Yes. CMT115 is assessed 100% by a single Written Assessment called 'Programming ,Assessment Calendar,2,0d7a43ea,Extenuating Circumstances Procedure for Taught and Undergraduate Students,16.0,,11,Exam or TimeLimited  Assessment  An assessment completed in controlled conditions that lasts up to 48  hours. Group work,1
q131,Is CMT115 Python for Computation assessed by a single assessment?,Yes. CMT115 is assessed 100% by a single Written Assessment called 'Programming ,Assessment Calendar,3,20baf690,COMSC School Handbook 25 26,34.0,Feedback on assessment ,10,COMSC School Handbook 25 26 Section 14.6 Feedback on assessment  doing so. A conversation with your personal tutor or ot,0
q131,Is CMT115 Python for Computation assessed by a single assessment?,Yes. CMT115 is assessed 100% by a single Written Assessment called 'Programming ,Assessment Calendar,4,7716847e,Assessment calender,,Assessment Deadline,10,Module: CM1208 - Maths for Computer Science Assessment: Individual Project Work Using Python and Mathematics (Written As,0
q131,Is CMT115 Python for Computation assessed by a single assessment?,Yes. CMT115 is assessed 100% by a single Written Assessment called 'Programming ,Assessment Calendar,5,ded70bff,Assessment calender,,Assessment Deadline,9,Module: CM3111 - Forensics Assessment: Coursework (Written Assessment) Weight: 100% Hand Out Date: 2025-11-03 Hand In Da,0
q132,What are the assessments for CMT202 Distributed and Cloud Computing?,CMT202 has two assessments: a Written Assessment called 'Implement a Distributed,Assessment Calendar,1,476ac498,Assessment calender,,Assessment Deadline,28,Module: CMT202 - Distributed and Cloud Computing Assessment: Distributed and Cloud Computing (Exam online – Spring semes,1
q132,What are the assessments for CMT202 Distributed and Cloud Computing?,CMT202 has two assessments: a Written Assessment called 'Implement a Distributed,Assessment Calendar,2,19676199,Assessment calender,,Assessment Deadline,24,Module: CM4202 - Distributed and Cloud Computing Assessment: Distributed and Cloud Computing (Exam online – Spring semes,1
q132,What are the assessments for CMT202 Distributed and Cloud Computing?,CMT202 has two assessments: a Written Assessment called 'Implement a Distributed,Assessment Calendar,3,68e3cd5f,Assessment calender,,Assessment Deadline,22,Module: CMT202 - Distributed and Cloud Computing Assessment: Implement a Distributed System (Written Assessment) Weight:,0
q132,What are the assessments for CMT202 Distributed and Cloud Computing?,CMT202 has two assessments: a Written Assessment called 'Implement a Distributed,Assessment Calendar,4,b1bc5941,Assessment calender,,Assessment Deadline,18,Module: CM4202 - Distributed and Cloud Computing Assessment: Implement a Distributed System (Written Assessment) Weight:,0
q132,What are the assessments for CMT202 Distributed and Cloud Computing?,CMT202 has two assessments: a Written Assessment called 'Implement a Distributed,Assessment Calendar,5,29318395,Assessment calender,,Assessment Deadline,16,Module: CM2208 - Scientific Computing Assessment: Scientific Computing (Exam online – Spring semester) Weight: 40% Hand ,0
q133,What is the assessment for CMT309 Computational Data Science?,CMT309 is assessed 100% by a single Practical-Based Assessment called 'Programmi,Assessment Calendar,1,4d933437,Assessment calender,,Assessment Deadline,19,Module: CMT309 - Computational Data Science Assessment: Programming and Data Science Portfolio (Practical-Based Assessme,1
q133,What is the assessment for CMT309 Computational Data Science?,CMT309 is assessed 100% by a single Practical-Based Assessment called 'Programmi,Assessment Calendar,2,b5922a2c,Assessment calender,,Assessment Deadline,11,Module: CM3801 - Data Science Foundations Assessment: Evaluation of Data Analysis Process (Practical-Based Assessment) W,1
q133,What is the assessment for CMT309 Computational Data Science?,CMT309 is assessed 100% by a single Practical-Based Assessment called 'Programmi,Assessment Calendar,3,48032a1e,Assessment calender,,Assessment Deadline,11,Module: CMT314 - Data Science Foundations Assessment: Evaluation of Data Analysis Process (Practical-Based Assessment) W,0
q133,What is the assessment for CMT309 Computational Data Science?,CMT309 is assessed 100% by a single Practical-Based Assessment called 'Programmi,Assessment Calendar,4,3154b16f,Assessment calender,,Assessment Deadline,10,Module: CMT655 - Manipulating and Exploiting Data Assessment: Portfolio (Portfolio) Weight: 100% Hand Out Date: 2026-02-,0
q133,What is the assessment for CMT309 Computational Data Science?,CMT309 is assessed 100% by a single Practical-Based Assessment called 'Programmi,Assessment Calendar,5,f48dc6f3,Academic Regulations and Policies Handbook 2025 26 English Nov25,36.0,The mark for an individual module will be calculated according to the ,9,Academic Regulations and Policies Handbook 2025 26 English Nov25 Section 2.5 The mark for an individual module will be c,0
q134,What assessments does CMT122 Machine Learning for NLP have?,CMT122 has two assessments: a Written Assessment called 'Individual Assessment: ,Assessment Calendar,1,63b79cf9,Assessment calender,,Assessment Deadline,25,Module: CMT122 - Machine Learning for NLP Assessment: Machine Learning Group Project on an NLP problem (Written Assessme,1
q134,What assessments does CMT122 Machine Learning for NLP have?,CMT122 has two assessments: a Written Assessment called 'Individual Assessment: ,Assessment Calendar,2,c9ca1bc4,Assessment calender,,Assessment Deadline,22,Module: CMT122 - Machine Learning for NLP Assessment: Individual Assessment: Implementation and Evaluation (Written Asse,1
q134,What assessments does CMT122 Machine Learning for NLP have?,CMT122 has two assessments: a Written Assessment called 'Individual Assessment: ,Assessment Calendar,3,227096c2,Assessment calender,,Assessment Deadline,21,Module: CM4122 - Machine Learning for NLP Assessment: Machine Learning Group Project on an NLP Problem (Written Assessme,0
q134,What assessments does CMT122 Machine Learning for NLP have?,CMT122 has two assessments: a Written Assessment called 'Individual Assessment: ,Assessment Calendar,4,9fbcdb1a,Assessment calender,,Assessment Deadline,18,Module: CM4122 - Machine Learning for NLP Assessment: Individual Assessment: Implementation and Evaluation (Written Asse,0
q134,What assessments does CMT122 Machine Learning for NLP have?,CMT122 has two assessments: a Written Assessment called 'Individual Assessment: ,Assessment Calendar,5,20baf690,COMSC School Handbook 25 26,34.0,Feedback on assessment ,14,COMSC School Handbook 25 26 Section 14.6 Feedback on assessment  doing so. A conversation with your personal tutor or ot,0
q135,What are the assessments for CMT206 Human Centric Computing?,CMT206 has three assessments: 'Usability and Interface Design' worth 33% due 26 ,Assessment Calendar,1,c26e8409,Assessment calender,,Assessment Deadline,16,Module: CMT206 - Human Centric Computing Assessment: Analysis of Interface Design (Written Assessment) Weight: 34% Hand ,1
q135,What are the assessments for CMT206 Human Centric Computing?,CMT206 has three assessments: 'Usability and Interface Design' worth 33% due 26 ,Assessment Calendar,2,45324793,Assessment calender,,Assessment Deadline,16,Module: CMT206 - Human Centric Computing Assessment: Evaluation of Interface Design (Written Assessment) Weight: 33% Han,1
q135,What are the assessments for CMT206 Human Centric Computing?,CMT206 has three assessments: 'Usability and Interface Design' worth 33% due 26 ,Assessment Calendar,3,97934420,Assessment calender,,Assessment Deadline,16,Module: CMT206 - Human Centric Computing Assessment: Usability and Interface Design (Written Assessment) Weight: 33% Han,0
q135,What are the assessments for CMT206 Human Centric Computing?,CMT206 has three assessments: 'Usability and Interface Design' worth 33% due 26 ,Assessment Calendar,4,e7f56a1c,Academic Regulations and Policies Handbook 2025 26 English Nov25,34.0,,7,"e. As students move through their learning journey, they are given the opportunity  and support to transition effectivel",0
q135,What are the assessments for CMT206 Human Centric Computing?,CMT206 has three assessments: 'Usability and Interface Design' worth 33% due 26 ,Assessment Calendar,5,aa630c27,Academic Regulations and Policies Handbook 2025 26 English Nov25,63.0,,7,"e. As students move through their learning journey, they are given the opportunity  and support to transition effectivel",0
q136,How is CMT226 Cloud and Database Systems Security assessed?,CMT226 has two assessments: a Written Assessment called 'Cloud and Database Syst,Assessment Calendar,1,20be770d,Assessment calender,,Assessment Deadline,26,Module: CMT226 - Cloud and Database Systems Security Assessment: Computerised Class Knowledge Test (Class Test) Weight: ,1
q136,How is CMT226 Cloud and Database Systems Security assessed?,CMT226 has two assessments: a Written Assessment called 'Cloud and Database Syst,Assessment Calendar,2,c955398a,Assessment calender,,Assessment Deadline,23,Module: CMT226 - Cloud and Database Systems Security Assessment: Cloud and Database Systems Security Portfolio (Written ,1
q136,How is CMT226 Cloud and Database Systems Security assessed?,CMT226 has two assessments: a Written Assessment called 'Cloud and Database Syst,Assessment Calendar,3,3e20c6d2,Assessment calender,,Assessment Deadline,22,Module: CM4226 - Cloud and Database Systems Security Assessment: Computerised Class Knowledge Test (Class Test) Weight: ,0
q136,How is CMT226 Cloud and Database Systems Security assessed?,CMT226 has two assessments: a Written Assessment called 'Cloud and Database Syst,Assessment Calendar,4,37668e6a,Assessment calender,,Assessment Deadline,19,Module: CM4226 - Cloud and Database Systems Security Assessment: Cloud and Database System Security Portfolio (Written A,0
q136,How is CMT226 Cloud and Database Systems Security assessed?,CMT226 has two assessments: a Written Assessment called 'Cloud and Database Syst,Assessment Calendar,5,3f89e42b,Assessment calender,,Assessment Deadline,14,Module: CM4317 - Operating Systems Security Assessment: Practice Assessment on Operating Systems Hardening (Class Test) ,0
q137,"What is the deadline for the CMT221 Topics, Research and Skills in Computing assessment?",The assessment for CMT221 is a single Written Assessment called 'Case Study Eval,Assessment Calendar,1,89965c62,Assessment calender,,Assessment Deadline,35,"Module: CMT221 - Topics, Research and Skills in Computing Assessment: Case Study Evaluation,Literature Review and Projec",1
q137,"What is the deadline for the CMT221 Topics, Research and Skills in Computing assessment?",The assessment for CMT221 is a single Written Assessment called 'Case Study Eval,Assessment Calendar,2,0d386877,Assessment calender,,Assessment Deadline,31,"Module: CMT222 - Topics, Research and Skills in Computing and IT Management Assessment: Case Study Evaluation,Literature",1
q137,"What is the deadline for the CMT221 Topics, Research and Skills in Computing assessment?",The assessment for CMT221 is a single Written Assessment called 'Case Study Eval,Assessment Calendar,3,188470e4,COMSC School Handbook 25 26,18.0,Online resources ,11,COMSC School Handbook 25 26 Section 7.13 Online resources  Resources available to support the development of your study ,0
q137,"What is the deadline for the CMT221 Topics, Research and Skills in Computing assessment?",The assessment for CMT221 is a single Written Assessment called 'Case Study Eval,Assessment Calendar,4,654d0bc1,Academic Regulations and Policies Handbook 2025 26 English Nov25,10.0,,10,Student Study and Engagement  - Student Support Intervention Policy and Procedure  Taught students:  - Student Attendanc,0
q137,"What is the deadline for the CMT221 Topics, Research and Skills in Computing assessment?",The assessment for CMT221 is a single Written Assessment called 'Case Study Eval,Assessment Calendar,5,a7d1d302,Academic Regulations and Policies Handbook 2025 26 English Nov25,90.0,Criteria for the Award of the Degree ,10,Academic Regulations and Policies Handbook 2025 26 English Nov25 Section 2 Criteria for the Award of the Degree    2.1 F,0
q138,Which COMSC modules have a Placement Portfolio assessment?,CM2500 (Placement) and CMT305 (Placement) both have Portfolio assessments worth ,Assessment Calendar,1,c3ba1621,Assessment calender,,Assessment Deadline,32,"Module: CM2500 - Placement Assessment: Portfolio consisting of Final Reflective Report, employer forms and poster (Portf",1
q138,Which COMSC modules have a Placement Portfolio assessment?,CM2500 (Placement) and CMT305 (Placement) both have Portfolio assessments worth ,Assessment Calendar,2,56d156b6,Assessment calender,,Assessment Deadline,26,Module: CMT305 - Placement Assessment: Placement Portfolio consisting of reflective report and employer forms (Portfolio,1
q138,Which COMSC modules have a Placement Portfolio assessment?,CM2500 (Placement) and CMT305 (Placement) both have Portfolio assessments worth ,Assessment Calendar,3,20baf690,COMSC School Handbook 25 26,34.0,Feedback on assessment ,11,COMSC School Handbook 25 26 Section 14.6 Feedback on assessment  doing so. A conversation with your personal tutor or ot,0
q138,Which COMSC modules have a Placement Portfolio assessment?,CM2500 (Placement) and CMT305 (Placement) both have Portfolio assessments worth ,Assessment Calendar,4,b71c48bf,Academic Regulations and Policies Handbook 2025 26 English Nov25,81.0,"The length of a standard dissertation will not exceed 20,000 words. Specific ",10,Academic Regulations and Policies Handbook 2025 26 English Nov25 Section 10.2 The length of a standard dissertation will,0
q138,Which COMSC modules have a Placement Portfolio assessment?,CM2500 (Placement) and CMT305 (Placement) both have Portfolio assessments worth ,Assessment Calendar,5,b7c58f8a,Academic Regulations and Policies Handbook 2025 26 English Nov25,92.0,"Where an exit award is available, a student must acquire the necessary credit ",10,"Academic Regulations and Policies Handbook 2025 26 English Nov25 Section 4.4 Where an exit award is available, a student",0
q139,What is the most common assessment type across all COMSC modules?,"Written Assessment is the most common type, accounting for 102 out of 229 assess",Assessment Calendar,1,20baf690,COMSC School Handbook 25 26,34.0,Feedback on assessment ,9,COMSC School Handbook 25 26 Section 14.6 Feedback on assessment  doing so. A conversation with your personal tutor or ot,1
q139,What is the most common assessment type across all COMSC modules?,"Written Assessment is the most common type, accounting for 102 out of 229 assess",Assessment Calendar,2,13a2298a,COMSC School Handbook 25 26,34.0,Feedback on assessment ,7,"Throughout your programme you will receive many forms of feedback, both, individual and  group/cohort. These may include",1
q139,What is the most common assessment type across all COMSC modules?,"Written Assessment is the most common type, accounting for 102 out of 229 assess",Assessment Calendar,3,b71c48bf,Academic Regulations and Policies Handbook 2025 26 English Nov25,81.0,"The length of a standard dissertation will not exceed 20,000 words. Specific ",6,Academic Regulations and Policies Handbook 2025 26 English Nov25 Section 10.2 The length of a standard dissertation will,0
q139,What is the most common assessment type across all COMSC modules?,"Written Assessment is the most common type, accounting for 102 out of 229 assess",Assessment Calendar,4,7f0994d2,Assessment calender,,Assessment Deadline,6,Module: CM4217 - Cybersecurity Operations Assessment: Security Operations Portfolio For A Case-Study (Written Assessment,0
q139,What is the most common assessment type across all COMSC modules?,"Written Assessment is the most common type, accounting for 102 out of 229 assess",Assessment Calendar,5,37668e6a,Assessment calender,,Assessment Deadline,6,Module: CM4226 - Cloud and Database Systems Security Assessment: Cloud and Database System Security Portfolio (Written A,0
q140,When is the feedback date for the CMT318 Computational Linguistics Portfolio?,The feedback date for the CMT318 Computational Linguistics Portfolio (due 13 Nov,Assessment Calendar,1,ea6755ba,Assessment calender,,Assessment Deadline,24,Module: CMT318 - Computational Linguistics Assessment: Computational Linguistics Portfolio (Practical-Based Assessment) ,1
q140,When is the feedback date for the CMT318 Computational Linguistics Portfolio?,The feedback date for the CMT318 Computational Linguistics Portfolio (due 13 Nov,Assessment Calendar,2,1b497b03,Assessment calender,,Assessment Deadline,20,Module: CM4318 - Computational Linguistics Assessment: Computational Linguistics Portfolio (Practical-Based Assessment) ,1
q140,When is the feedback date for the CMT318 Computational Linguistics Portfolio?,The feedback date for the CMT318 Computational Linguistics Portfolio (due 13 Nov,Assessment Calendar,3,b9748ba8,Assessment calender,,Assessment Deadline,20,Module: CMT318 - Computational Linguistics Assessment: Group Project (Project) Weight: 50% Hand Out Date: 2025-11-03 Han,0
q140,When is the feedback date for the CMT318 Computational Linguistics Portfolio?,The feedback date for the CMT318 Computational Linguistics Portfolio (due 13 Nov,Assessment Calendar,4,00e6fe4b,Assessment calender,,Assessment Deadline,16,Module: CM4318 - Computational Linguistics Assessment: Group Project (Project) Weight: 50% Hand Out Date: 2025-11-03 Han,0
q140,When is the feedback date for the CMT318 Computational Linguistics Portfolio?,The feedback date for the CMT318 Computational Linguistics Portfolio (due 13 Nov,Assessment Calendar,5,4d933437,Assessment calender,,Assessment Deadline,16,Module: CMT309 - Computational Data Science Assessment: Programming and Data Science Portfolio (Practical-Based Assessme,0
q141,How is CM2305 Group Project assessed?,CM2305 Group Project has three assessments: a Presentation called 'Group Funding,Assessment Calendar,1,476e79c9,Assessment calender,,Assessment Deadline,21,Module: CM2305 - Group Project Assessment: Group Sales Pitch (Presentation) Weight: 30% Hand Out Date: 2026-01-26 Hand I,1
q141,How is CM2305 Group Project assessed?,CM2305 Group Project has three assessments: a Presentation called 'Group Funding,Assessment Calendar,2,19c5a1f5,Assessment calender,,Assessment Deadline,21,Module: CM2305 - Group Project Assessment: Group Funding Pitch (Presentation) Weight: 20% Hand Out Date: 2026-01-26 Hand,1
q141,How is CM2305 Group Project assessed?,CM2305 Group Project has three assessments: a Presentation called 'Group Funding,Assessment Calendar,3,06806852,Assessment calender,,Assessment Deadline,15,Module: CM2305 - Group Project Assessment: Individual Assessment (Written Assessment) Weight: 50% Hand Out Date: 2026-01,0
q141,How is CM2305 Group Project assessed?,CM2305 Group Project has three assessments: a Presentation called 'Group Funding,Assessment Calendar,4,20baf690,COMSC School Handbook 25 26,34.0,Feedback on assessment ,11,COMSC School Handbook 25 26 Section 14.6 Feedback on assessment  doing so. A conversation with your personal tutor or ot,0
q141,How is CM2305 Group Project assessed?,CM2305 Group Project has three assessments: a Presentation called 'Group Funding,Assessment Calendar,5,0d7a43ea,Extenuating Circumstances Procedure for Taught and Undergraduate Students,16.0,,11,Exam or TimeLimited  Assessment  An assessment completed in controlled conditions that lasts up to 48  hours. Group work,0
q142,"What assessments does CMT124 Big Data, Machine Learning and AI have?",CMT124 has two assessments: a Practical-Based Assessment called 'Programming Exe,Assessment Calendar,1,f88692be,Assessment calender,,Assessment Deadline,23,"Module: CMT124 - Big Data, Machine Learning and AI Assessment: Group Project - Data Handling, Processing And Reporting (",1
q142,"What assessments does CMT124 Big Data, Machine Learning and AI have?",CMT124 has two assessments: a Practical-Based Assessment called 'Programming Exe,Assessment Calendar,2,c9d1a963,Assessment calender,,Assessment Deadline,14,"Module: CMT124 - Big Data, Machine Learning and AI Assessment: Programming Exercise (Practical-Based Assessment) Weight:",1
q142,"What assessments does CMT124 Big Data, Machine Learning and AI have?",CMT124 has two assessments: a Practical-Based Assessment called 'Programming Exe,Assessment Calendar,3,9fd808d3,Assessment calender,,Assessment Deadline,10,Module: CM2105 - Data Processing and Visualisation Assessment: Individual Project Work (Project) Weight: 100% Hand Out D,0
q142,"What assessments does CMT124 Big Data, Machine Learning and AI have?",CMT124 has two assessments: a Practical-Based Assessment called 'Programming Exe,Assessment Calendar,4,deeb702c,Academic Regulations and Policies Handbook 2025 26 English Nov25,6.0,November ,9,Academic Regulations and Policies Handbook 2025 26 English Nov25 Section 12 November  Regulation/  Section  Description ,0
q142,"What assessments does CMT124 Big Data, Machine Learning and AI have?",CMT124 has two assessments: a Practical-Based Assessment called 'Programming Exe,Assessment Calendar,5,f36d37b3,Academic Integrity Policy,6.0,,7,- Mismanagement or inadequate preservation of data and/or primary  materials - non-compliance with University and/or fun,0
q143,Is CMT215 Automated Reasoning assessed by exam only?,Yes. CMT215 Automated Reasoning is assessed 100% by an online exam in the Spring,Assessment Calendar,1,0ec5649c,Assessment calender,,Assessment Deadline,28,Module: CMT215 - Automated Reasoning Assessment: Automated Reasoning (Exam online – Spring semester) Weight: 100% Hand O,1
q143,Is CMT215 Automated Reasoning assessed by exam only?,Yes. CMT215 Automated Reasoning is assessed 100% by an online exam in the Spring,Assessment Calendar,2,dd28f55a,Assessment calender,,Assessment Deadline,24,Module: CM4215 - Automated Reasoning Assessment: Automated Reasoning (Exam online – Spring semester) Weight: 100% Hand O,1
q143,Is CMT215 Automated Reasoning assessed by exam only?,Yes. CMT215 Automated Reasoning is assessed 100% by an online exam in the Spring,Assessment Calendar,3,e2230a41,Assessment calender,,Assessment Deadline,13,Module: CM1208 - Maths for Computer Science Assessment: Maths for Computer Science (Exam online – Spring semester) Weigh,0
q143,Is CMT215 Automated Reasoning assessed by exam only?,Yes. CMT215 Automated Reasoning is assessed 100% by an online exam in the Spring,Assessment Calendar,4,29318395,Assessment calender,,Assessment Deadline,13,Module: CM2208 - Scientific Computing Assessment: Scientific Computing (Exam online – Spring semester) Weight: 40% Hand ,0
q143,Is CMT215 Automated Reasoning assessed by exam only?,Yes. CMT215 Automated Reasoning is assessed 100% by an online exam in the Spring,Assessment Calendar,5,bc25531c,Assessment calender,,Assessment Deadline,13,Module: CM3110 - Security Assessment: Security (Exam online – Autumn semester) Weight: 100% Hand Out Date:  Hand In Date,0
q144,What is the assessment structure for CMT317 Operating Systems Security?,CMT317 has two assessments: a Class Test called 'Practical Assessment on Operati,Assessment Calendar,1,e0cf2429,Assessment calender,,Assessment Deadline,22,Module: CMT317 - Operating Systems Security Assessment: Practical Assessment on Operating Systems Hardening (Class Test),1
q144,What is the assessment structure for CMT317 Operating Systems Security?,CMT317 has two assessments: a Class Test called 'Practical Assessment on Operati,Assessment Calendar,2,5af3cd11,Assessment calender,,Assessment Deadline,19,Module: CMT317 - Operating Systems Security Assessment: Oral Assessment - Job Interview (Oral/Aural Assessment) Weight: ,1
q144,What is the assessment structure for CMT317 Operating Systems Security?,CMT317 has two assessments: a Class Test called 'Practical Assessment on Operati,Assessment Calendar,3,3f89e42b,Assessment calender,,Assessment Deadline,18,Module: CM4317 - Operating Systems Security Assessment: Practice Assessment on Operating Systems Hardening (Class Test) ,0
q144,What is the assessment structure for CMT317 Operating Systems Security?,CMT317 has two assessments: a Class Test called 'Practical Assessment on Operati,Assessment Calendar,4,ea78dbc7,Assessment calender,,Assessment Deadline,15,Module: CM4317 - Operating Systems Security Assessment: Oral Assessment - Job Interview (Oral/Aural Assessment) Weight: ,0
q144,What is the assessment structure for CMT317 Operating Systems Security?,CMT317 has two assessments: a Class Test called 'Practical Assessment on Operati,Assessment Calendar,5,3e20c6d2,Assessment calender,,Assessment Deadline,11,Module: CM4226 - Cloud and Database Systems Security Assessment: Computerised Class Knowledge Test (Class Test) Weight: ,0
q145,How many assessment entries are there for postgraduate CMT-coded modules?,There are 80 assessment entries for CMT-coded postgraduate modules in the Assess,Assessment Calendar,1,45ba98a5,Academic Regulations and Policies Handbook 2025 26 English Nov25,8.0,,8,"Sources of Further Information      The Academic Regulations are supported by a number of policies and procedures,  whic",1
q145,How many assessment entries are there for postgraduate CMT-coded modules?,There are 80 assessment entries for CMT-coded postgraduate modules in the Assess,Assessment Calendar,2,450570b1,Academic Regulations and Policies Handbook 2025 26 English Nov25,35.0,Module Information ,8,Academic Regulations and Policies Handbook 2025 26 English Nov25 Section 2 Module Information    2.1 A module is an iden,1
q145,How many assessment entries are there for postgraduate CMT-coded modules?,There are 80 assessment entries for CMT-coded postgraduate modules in the Assess,Assessment Calendar,3,ab8a1301,Academic Regulations and Policies Handbook 2025 26 English Nov25,51.0,,8,"- Students who achieve a final mark of 48% or 49% will be awarded a  degree classification of Second Class Honours, Divi",0
q145,How many assessment entries are there for postgraduate CMT-coded modules?,There are 80 assessment entries for CMT-coded postgraduate modules in the Assess,Assessment Calendar,4,42956a0e,Academic Regulations and Policies Handbook 2025 26 English Nov25,55.0,The due date for submission of the Dissertation for Master's ,8,Academic Regulations and Policies Handbook 2025 26 English Nov25 Section 5.4.5 The due date for submission of the Disser,0
q145,How many assessment entries are there for postgraduate CMT-coded modules?,There are 80 assessment entries for CMT-coded postgraduate modules in the Assess,Assessment Calendar,5,6d0eb928,Academic Regulations and Policies Handbook 2025 26 English Nov25,59.0,An Examining Board must permit a student to be re-assessed or to progress ,8,Academic Regulations and Policies Handbook 2025 26 English Nov25 Section 5.17 An Examining Board must permit a student t,0
